timestamp,SPY
2016-07-12 04:00:00+00:00,214.95
2016-07-13 04:00:00+00:00,214.92
2016-07-14 04:00:00+00:00,216.12
2016-07-15 04:00:00+00:00,215.83
2016-07-18 04:00:00+00:00,216.4092
2016-07-19 04:00:00+00:00,216.19
2016-07-20 04:00:00+00:00,217.085
2016-07-21 04:00:00+00:00,216.265
2016-07-22 04:00:00+00:00,217.24
2016-07-25 04:00:00+00:00,216.65
2016-07-26 04:00:00+00:00,216.75
2016-07-27 04:00:00+00:00,216.52
2016-07-28 04:00:00+00:00,216.77
2016-07-29 04:00:00+00:00,217.12
2016-08-01 04:00:00+00:00,216.94
2016-08-02 04:00:00+00:00,215.5492
2016-08-03 04:00:00+00:00,216.18
2016-08-04 04:00:00+00:00,216.4097
2016-08-05 04:00:00+00:00,218.18
2016-08-08 04:00:00+00:00,218.05
2016-08-09 04:00:00+00:00,218.18
2016-08-10 04:00:00+00:00,217.64
2016-08-11 04:00:00+00:00,218.65
2016-08-12 04:00:00+00:00,218.46
2016-08-15 04:00:00+00:00,219.09
2016-08-16 04:00:00+00:00,217.96
2016-08-17 04:00:00+00:00,218.37
2016-08-18 04:00:00+00:00,218.86
2016-08-19 04:00:00+00:00,218.54
2016-08-22 04:00:00+00:00,218.53
2016-08-23 04:00:00+00:00,218.97
2016-08-24 04:00:00+00:00,217.85
2016-08-25 04:00:00+00:00,217.7
2016-08-26 04:00:00+00:00,217.29
2016-08-29 04:00:00+00:00,218.3608
2016-08-30 04:00:00+00:00,218.0
2016-08-31 04:00:00+00:00,217.38
2016-09-01 04:00:00+00:00,217.39
2016-09-02 04:00:00+00:00,218.37
2016-09-06 04:00:00+00:00,219.0308
2016-09-07 04:00:00+00:00,219.01
2016-09-08 04:00:00+00:00,218.51
2016-09-09 04:00:00+00:00,213.28
2016-09-12 04:00:00+00:00,216.34
2016-09-13 04:00:00+00:00,213.23
2016-09-14 04:00:00+00:00,213.13
2016-09-15 04:00:00+00:00,215.27
2016-09-16 04:00:00+00:00,213.36
2016-09-19 04:00:00+00:00,213.3992
2016-09-20 04:00:00+00:00,213.45
2016-09-21 04:00:00+00:00,215.78
2016-09-22 04:00:00+00:00,217.18
2016-09-23 04:00:00+00:00,216.02
2016-09-26 04:00:00+00:00,214.2
2016-09-27 04:00:00+00:00,215.56
2016-09-28 04:00:00+00:00,216.62
2016-09-29 04:00:00+00:00,214.75
2016-09-30 04:00:00+00:00,216.35
2016-10-03 04:00:00+00:00,215.78
2016-10-04 04:00:00+00:00,214.65
2016-10-05 04:00:00+00:00,215.66
2016-10-06 04:00:00+00:00,215.83
2016-10-07 04:00:00+00:00,215.03
2016-10-10 04:00:00+00:00,216.0808
2016-10-11 04:00:00+00:00,213.44
2016-10-12 04:00:00+00:00,213.67
2016-10-13 04:00:00+00:00,213.07
2016-10-14 04:00:00+00:00,213.06
2016-10-17 04:00:00+00:00,212.43
2016-10-18 04:00:00+00:00,213.67
2016-10-19 04:00:00+00:00,214.2203
2016-10-20 04:00:00+00:00,213.9
2016-10-21 04:00:00+00:00,213.89
2016-10-24 04:00:00+00:00,214.86
2016-10-25 04:00:00+00:00,214.19
2016-10-26 04:00:00+00:00,213.75
2016-10-27 04:00:00+00:00,213.175
2016-10-28 04:00:00+00:00,212.5
2016-10-31 04:00:00+00:00,212.56
2016-11-01 04:00:00+00:00,211.02
2016-11-02 04:00:00+00:00,209.71
2016-11-03 04:00:00+00:00,208.84
2016-11-04 04:00:00+00:00,208.56
2016-11-07 05:00:00+00:00,213.15
2016-11-08 05:00:00+00:00,214.07
2016-11-09 05:00:00+00:00,216.3792
2016-11-10 05:00:00+00:00,216.94
2016-11-11 05:00:00+00:00,216.45
2016-11-14 05:00:00+00:00,216.57
2016-11-15 05:00:00+00:00,218.25
2016-11-16 05:00:00+00:00,217.9392
2016-11-17 05:00:00+00:00,218.94
2016-11-18 05:00:00+00:00,218.48
2016-11-21 05:00:00+00:00,220.12
2016-11-22 05:00:00+00:00,220.57
2016-11-23 05:00:00+00:00,220.71
2016-11-25 05:00:00+00:00,221.52
2016-11-28 05:00:00+00:00,220.54
2016-11-29 05:00:00+00:00,220.88
2016-11-30 05:00:00+00:00,220.39
2016-12-01 05:00:00+00:00,219.5608
2016-12-02 05:00:00+00:00,219.6108
2016-12-05 05:00:00+00:00,220.94
2016-12-06 05:00:00+00:00,221.66
2016-12-07 05:00:00+00:00,224.55
2016-12-08 05:00:00+00:00,225.13
2016-12-09 05:00:00+00:00,226.53
2016-12-12 05:00:00+00:00,226.22
2016-12-13 05:00:00+00:00,227.69
2016-12-14 05:00:00+00:00,225.88
2016-12-15 05:00:00+00:00,226.77
2016-12-16 05:00:00+00:00,225.05
2016-12-19 05:00:00+00:00,225.5
2016-12-20 05:00:00+00:00,226.38
2016-12-21 05:00:00+00:00,225.7903
2016-12-22 05:00:00+00:00,225.44
2016-12-23 05:00:00+00:00,225.7
2016-12-27 05:00:00+00:00,226.25
2016-12-28 05:00:00+00:00,224.43
2016-12-29 05:00:00+00:00,224.33
2016-12-30 05:00:00+00:00,223.52
2017-01-03 05:00:00+00:00,225.14
2017-01-04 05:00:00+00:00,226.53
2017-01-05 05:00:00+00:00,226.34
2017-01-06 05:00:00+00:00,227.25
2017-01-09 05:00:00+00:00,226.52
2017-01-10 05:00:00+00:00,226.48
2017-01-11 05:00:00+00:00,227.0308
2017-01-12 05:00:00+00:00,226.5508
2017-01-13 05:00:00+00:00,227.04
2017-01-17 05:00:00+00:00,226.28
2017-01-18 05:00:00+00:00,226.75
2017-01-19 05:00:00+00:00,226.01
2017-01-20 05:00:00+00:00,226.74
2017-01-23 05:00:00+00:00,226.17
2017-01-24 05:00:00+00:00,227.6008
2017-01-25 05:00:00+00:00,229.55
2017-01-26 05:00:00+00:00,229.33
2017-01-27 05:00:00+00:00,228.99
2017-01-30 05:00:00+00:00,227.6
2017-01-31 05:00:00+00:00,227.51
2017-02-01 05:00:00+00:00,227.65
2017-02-02 05:00:00+00:00,227.77
2017-02-03 05:00:00+00:00,229.35
2017-02-06 05:00:00+00:00,228.97
2017-02-07 05:00:00+00:00,228.96
2017-02-08 05:00:00+00:00,229.24
2017-02-09 05:00:00+00:00,230.57
2017-02-10 05:00:00+00:00,231.49
2017-02-13 05:00:00+00:00,232.6803
2017-02-14 05:00:00+00:00,233.7097
2017-02-15 05:00:00+00:00,234.89
2017-02-16 05:00:00+00:00,234.74
2017-02-17 05:00:00+00:00,235.04
2017-02-21 05:00:00+00:00,236.44
2017-02-22 05:00:00+00:00,236.29
2017-02-23 05:00:00+00:00,236.44
2017-02-24 05:00:00+00:00,236.77
2017-02-27 05:00:00+00:00,237.09
2017-02-28 05:00:00+00:00,236.5
2017-03-01 05:00:00+00:00,239.7408
2017-03-02 05:00:00+00:00,238.3
2017-03-03 05:00:00+00:00,238.43
2017-03-06 05:00:00+00:00,237.7892
2017-03-07 05:00:00+00:00,237.0
2017-03-08 05:00:00+00:00,236.59
2017-03-09 05:00:00+00:00,236.83
2017-03-10 05:00:00+00:00,237.66
2017-03-13 04:00:00+00:00,237.8
2017-03-14 04:00:00+00:00,236.94
2017-03-15 04:00:00+00:00,238.88
2017-03-16 04:00:00+00:00,238.49
2017-03-17 04:00:00+00:00,237.1008
2017-03-20 04:00:00+00:00,236.74
2017-03-21 04:00:00+00:00,233.76
2017-03-22 04:00:00+00:00,234.25
2017-03-23 04:00:00+00:00,233.94
2017-03-24 04:00:00+00:00,233.88
2017-03-27 04:00:00+00:00,233.575
2017-03-28 04:00:00+00:00,235.26
2017-03-29 04:00:00+00:00,235.56
2017-03-30 04:00:00+00:00,236.2692
2017-03-31 04:00:00+00:00,235.68
2017-04-03 04:00:00+00:00,235.37
2017-04-04 04:00:00+00:00,235.52
2017-04-05 04:00:00+00:00,234.76
2017-04-06 04:00:00+00:00,235.37
2017-04-07 04:00:00+00:00,235.17
2017-04-10 04:00:00+00:00,235.29
2017-04-11 04:00:00+00:00,235.03
2017-04-12 04:00:00+00:00,234.1408
2017-04-13 04:00:00+00:00,232.56
2017-04-17 04:00:00+00:00,234.57
2017-04-18 04:00:00+00:00,233.86
2017-04-19 04:00:00+00:00,233.49
2017-04-20 04:00:00+00:00,235.3
2017-04-21 04:00:00+00:00,234.59
2017-04-24 04:00:00+00:00,237.16
2017-04-25 04:00:00+00:00,238.52
2017-04-26 04:00:00+00:00,238.44
2017-04-27 04:00:00+00:00,238.6001
2017-04-28 04:00:00+00:00,238.12
2017-05-01 04:00:00+00:00,238.63
2017-05-02 04:00:00+00:00,238.76
2017-05-03 04:00:00+00:00,238.52
2017-05-04 04:00:00+00:00,238.74
2017-05-05 04:00:00+00:00,239.68
2017-05-08 04:00:00+00:00,239.67
2017-05-09 04:00:00+00:00,239.44
2017-05-10 04:00:00+00:00,239.86
2017-05-11 04:00:00+00:00,239.4592
2017-05-12 04:00:00+00:00,239.05
2017-05-15 04:00:00+00:00,240.2297
2017-05-16 04:00:00+00:00,240.09
2017-05-17 04:00:00+00:00,235.9292
2017-05-18 04:00:00+00:00,236.76
2017-05-19 04:00:00+00:00,238.27
2017-05-22 04:00:00+00:00,239.52
2017-05-23 04:00:00+00:00,240.03
2017-05-24 04:00:00+00:00,240.56
2017-05-25 04:00:00+00:00,241.74
2017-05-26 04:00:00+00:00,241.73
2017-05-30 04:00:00+00:00,241.53
2017-05-31 04:00:00+00:00,241.42
2017-06-01 04:00:00+00:00,243.3
2017-06-02 04:00:00+00:00,244.14
2017-06-05 04:00:00+00:00,243.97
2017-06-06 04:00:00+00:00,243.25
2017-06-07 04:00:00+00:00,243.6692
2017-06-08 04:00:00+00:00,243.73
2017-06-09 04:00:00+00:00,243.5208
2017-06-12 04:00:00+00:00,243.35
2017-06-13 04:00:00+00:00,244.48
2017-06-14 04:00:00+00:00,244.26
2017-06-15 04:00:00+00:00,243.7697
2017-06-16 04:00:00+00:00,242.64
2017-06-19 04:00:00+00:00,244.65
2017-06-20 04:00:00+00:00,243.0592
2017-06-21 04:00:00+00:00,242.94
2017-06-22 04:00:00+00:00,242.83
2017-06-23 04:00:00+00:00,243.16
2017-06-26 04:00:00+00:00,243.26
2017-06-27 04:00:00+00:00,241.37
2017-06-28 04:00:00+00:00,243.47
2017-06-29 04:00:00+00:00,241.39
2017-06-30 04:00:00+00:00,241.79
2017-07-03 04:00:00+00:00,242.32
2017-07-05 04:00:00+00:00,242.74
2017-07-06 04:00:00+00:00,240.58
2017-07-07 04:00:00+00:00,242.1
2017-07-10 04:00:00+00:00,242.35
2017-07-11 04:00:00+00:00,242.18
2017-07-12 04:00:00+00:00,243.94
2017-07-13 04:00:00+00:00,244.42
2017-07-14 04:00:00+00:00,245.51
2017-07-17 04:00:00+00:00,245.52
2017-07-18 04:00:00+00:00,245.6697
2017-07-19 04:00:00+00:00,246.96
2017-07-20 04:00:00+00:00,247.04
2017-07-21 04:00:00+00:00,246.83
2017-07-24 04:00:00+00:00,246.79
2017-07-25 04:00:00+00:00,247.37
2017-07-26 04:00:00+00:00,247.42
2017-07-27 04:00:00+00:00,247.2292
2017-07-28 04:00:00+00:00,246.89
2017-07-31 04:00:00+00:00,246.79
2017-08-01 04:00:00+00:00,247.3
2017-08-02 04:00:00+00:00,247.42
2017-08-03 04:00:00+00:00,246.98
2017-08-04 04:00:00+00:00,247.39
2017-08-07 04:00:00+00:00,247.84
2017-08-08 04:00:00+00:00,247.27
2017-08-09 04:00:00+00:00,247.27
2017-08-10 04:00:00+00:00,243.7599
2017-08-11 04:00:00+00:00,244.11
2017-08-14 04:00:00+00:00,246.5
2017-08-15 04:00:00+00:00,246.53
2017-08-16 04:00:00+00:00,246.96
2017-08-17 04:00:00+00:00,243.14
2017-08-18 04:00:00+00:00,242.71
2017-08-21 04:00:00+00:00,242.92
2017-08-22 04:00:00+00:00,245.38
2017-08-23 04:00:00+00:00,244.5697
2017-08-24 04:00:00+00:00,244.045
2017-08-25 04:00:00+00:00,244.52
2017-08-28 04:00:00+00:00,244.6
2017-08-29 04:00:00+00:00,244.8597
2017-08-30 04:00:00+00:00,246.01
2017-08-31 04:00:00+00:00,247.29
2017-09-01 04:00:00+00:00,247.81
2017-09-05 04:00:00+00:00,246.13
2017-09-06 04:00:00+00:00,246.89
2017-09-07 04:00:00+00:00,246.8753
2017-09-08 04:00:00+00:00,246.54
2017-09-11 04:00:00+00:00,249.14
2017-09-12 04:00:00+00:00,250.09
2017-09-13 04:00:00+00:00,250.17
2017-09-14 04:00:00+00:00,250.08
2017-09-15 04:00:00+00:00,249.23
2017-09-18 04:00:00+00:00,249.71
2017-09-19 04:00:00+00:00,249.96
2017-09-20 04:00:00+00:00,250.07
2017-09-21 04:00:00+00:00,249.4
2017-09-22 04:00:00+00:00,249.45
2017-09-25 04:00:00+00:00,248.97
2017-09-26 04:00:00+00:00,249.07
2017-09-27 04:00:00+00:00,250.04
2017-09-28 04:00:00+00:00,250.33
2017-09-29 04:00:00+00:00,251.16
2017-10-02 04:00:00+00:00,252.28
2017-10-03 04:00:00+00:00,252.85
2017-10-04 04:00:00+00:00,253.16
2017-10-05 04:00:00+00:00,254.66
2017-10-06 04:00:00+00:00,254.43
2017-10-09 04:00:00+00:00,253.9692
2017-10-10 04:00:00+00:00,254.57
2017-10-11 04:00:00+00:00,254.98
2017-10-12 04:00:00+00:00,254.61
2017-10-13 04:00:00+00:00,254.88
2017-10-16 04:00:00+00:00,255.3
2017-10-17 04:00:00+00:00,255.43
2017-10-18 04:00:00+00:00,255.69
2017-10-19 04:00:00+00:00,255.8192
2017-10-20 04:00:00+00:00,257.07
2017-10-23 04:00:00+00:00,256.16
2017-10-24 04:00:00+00:00,256.55
2017-10-25 04:00:00+00:00,255.32
2017-10-26 04:00:00+00:00,255.48
2017-10-27 04:00:00+00:00,257.6895
2017-10-30 04:00:00+00:00,256.8
2017-10-31 04:00:00+00:00,257.12
2017-11-01 04:00:00+00:00,257.5
2017-11-02 04:00:00+00:00,257.62
2017-11-03 04:00:00+00:00,258.45
2017-11-06 05:00:00+00:00,258.81
2017-11-07 05:00:00+00:00,258.7
2017-11-08 05:00:00+00:00,259.11
2017-11-09 05:00:00+00:00,258.1908
2017-11-10 05:00:00+00:00,258.1
2017-11-13 05:00:00+00:00,258.34
2017-11-14 05:00:00+00:00,257.75
2017-11-15 05:00:00+00:00,256.42
2017-11-16 05:00:00+00:00,258.54
2017-11-17 05:00:00+00:00,257.87
2017-11-20 05:00:00+00:00,258.28
2017-11-21 05:00:00+00:00,259.93
2017-11-22 05:00:00+00:00,259.79
2017-11-24 05:00:00+00:00,260.37
2017-11-27 05:00:00+00:00,260.23
2017-11-28 05:00:00+00:00,262.83
2017-11-29 05:00:00+00:00,262.73
2017-11-30 05:00:00+00:00,264.87
2017-12-01 05:00:00+00:00,264.46
2017-12-04 05:00:00+00:00,264.11
2017-12-05 05:00:00+00:00,263.2
2017-12-06 05:00:00+00:00,263.23
2017-12-07 05:00:00+00:00,264.04
2017-12-08 05:00:00+00:00,265.48
2017-12-11 05:00:00+00:00,266.34
2017-12-12 05:00:00+00:00,266.8
2017-12-13 05:00:00+00:00,266.74
2017-12-14 05:00:00+00:00,265.69
2017-12-15 05:00:00+00:00,266.53
2017-12-18 05:00:00+00:00,268.23
2017-12-19 05:00:00+00:00,267.25
2017-12-20 05:00:00+00:00,267.1
2017-12-21 05:00:00+00:00,267.54
2017-12-22 05:00:00+00:00,267.49
2017-12-26 05:00:00+00:00,267.15
2017-12-27 05:00:00+00:00,267.35
2017-12-28 05:00:00+00:00,267.86
2017-12-29 05:00:00+00:00,266.94
2018-01-02 05:00:00+00:00,268.77
2018-01-03 05:00:00+00:00,270.47
2018-01-04 05:00:00+00:00,271.57
2018-01-05 05:00:00+00:00,273.4
2018-01-08 05:00:00+00:00,273.91
2018-01-09 05:00:00+00:00,274.53
2018-01-10 05:00:00+00:00,274.08
2018-01-11 05:00:00+00:00,276.09
2018-01-12 05:00:00+00:00,277.94
2018-01-16 05:00:00+00:00,277.06
2018-01-17 05:00:00+00:00,279.61
2018-01-18 05:00:00+00:00,279.18
2018-01-19 05:00:00+00:00,280.39
2018-01-22 05:00:00+00:00,282.67
2018-01-23 05:00:00+00:00,283.24
2018-01-24 05:00:00+00:00,283.12
2018-01-25 05:00:00+00:00,283.3
2018-01-26 05:00:00+00:00,286.56
2018-01-29 05:00:00+00:00,284.64
2018-01-30 05:00:00+00:00,281.63
2018-01-31 05:00:00+00:00,281.91
2018-02-01 05:00:00+00:00,281.68
2018-02-02 05:00:00+00:00,275.51
2018-02-05 05:00:00+00:00,264.11
2018-02-06 05:00:00+00:00,269.06
2018-02-07 05:00:00+00:00,267.67
2018-02-08 05:00:00+00:00,257.77
2018-02-09 05:00:00+00:00,261.74
2018-02-12 05:00:00+00:00,265.32
2018-02-13 05:00:00+00:00,266.05
2018-02-14 05:00:00+00:00,269.67
2018-02-15 05:00:00+00:00,272.93
2018-02-16 05:00:00+00:00,273.16
2018-02-20 05:00:00+00:00,271.44
2018-02-21 05:00:00+00:00,269.97
2018-02-22 05:00:00+00:00,270.26
2018-02-23 05:00:00+00:00,274.65
2018-02-26 05:00:00+00:00,277.91
2018-02-27 05:00:00+00:00,274.38
2018-02-28 05:00:00+00:00,271.41
2018-03-01 05:00:00+00:00,267.72
2018-03-02 05:00:00+00:00,269.08
2018-03-05 05:00:00+00:00,272.12
2018-03-06 05:00:00+00:00,272.83
2018-03-07 05:00:00+00:00,272.83
2018-03-08 05:00:00+00:00,274.03
2018-03-09 05:00:00+00:00,278.76
2018-03-12 04:00:00+00:00,278.54
2018-03-13 04:00:00+00:00,276.72
2018-03-14 04:00:00+00:00,275.25
2018-03-15 04:00:00+00:00,275.03
2018-03-16 04:00:00+00:00,274.22
2018-03-19 04:00:00+00:00,270.61
2018-03-20 04:00:00+00:00,270.93
2018-03-21 04:00:00+00:00,270.4
2018-03-22 04:00:00+00:00,263.71
2018-03-23 04:00:00+00:00,258.015
2018-03-26 04:00:00+00:00,265.14
2018-03-27 04:00:00+00:00,260.76
2018-03-28 04:00:00+00:00,259.85
2018-03-29 04:00:00+00:00,263.43
2018-04-02 04:00:00+00:00,257.52
2018-04-03 04:00:00+00:00,260.73
2018-04-04 04:00:00+00:00,263.78
2018-04-05 04:00:00+00:00,265.59
2018-04-06 04:00:00+00:00,259.7
2018-04-09 04:00:00+00:00,260.83
2018-04-10 04:00:00+00:00,265.09
2018-04-11 04:00:00+00:00,263.71
2018-04-12 04:00:00+00:00,265.9003
2018-04-13 04:00:00+00:00,265.11
2018-04-16 04:00:00+00:00,267.37
2018-04-17 04:00:00+00:00,270.13
2018-04-18 04:00:00+00:00,270.37
2018-04-19 04:00:00+00:00,268.87
2018-04-20 04:00:00+00:00,266.66
2018-04-23 04:00:00+00:00,266.57
2018-04-24 04:00:00+00:00,263.04
2018-04-25 04:00:00+00:00,263.63
2018-04-26 04:00:00+00:00,266.24
2018-04-27 04:00:00+00:00,266.58
2018-04-30 04:00:00+00:00,264.53
2018-05-01 04:00:00+00:00,264.96
2018-05-02 04:00:00+00:00,263.17
2018-05-03 04:00:00+00:00,262.59
2018-05-04 04:00:00+00:00,265.92
2018-05-07 04:00:00+00:00,266.92
2018-05-08 04:00:00+00:00,266.89
2018-05-09 04:00:00+00:00,269.47
2018-05-10 04:00:00+00:00,272.0
2018-05-11 04:00:00+00:00,272.64
2018-05-14 04:00:00+00:00,272.95
2018-05-15 04:00:00+00:00,271.03
2018-05-16 04:00:00+00:00,272.15
2018-05-17 04:00:00+00:00,272.01
2018-05-18 04:00:00+00:00,271.34
2018-05-21 04:00:00+00:00,273.36
2018-05-22 04:00:00+00:00,272.58
2018-05-23 04:00:00+00:00,273.37
2018-05-24 04:00:00+00:00,272.84
2018-05-25 04:00:00+00:00,272.21
2018-05-29 04:00:00+00:00,269.12
2018-05-30 04:00:00+00:00,272.59
2018-05-31 04:00:00+00:00,270.81
2018-06-01 04:00:00+00:00,273.61
2018-06-04 04:00:00+00:00,274.89
2018-06-05 04:00:00+00:00,275.19
2018-06-06 04:00:00+00:00,277.43
2018-06-07 04:00:00+00:00,277.37
2018-06-08 04:00:00+00:00,278.22
2018-06-11 04:00:00+00:00,278.58
2018-06-12 04:00:00+00:00,278.97
2018-06-13 04:00:00+00:00,278.01
2018-06-14 04:00:00+00:00,278.68
2018-06-15 04:00:00+00:00,277.03
2018-06-18 04:00:00+00:00,276.59
2018-06-19 04:00:00+00:00,275.48
2018-06-20 04:00:00+00:00,276.01
2018-06-21 04:00:00+00:00,274.24
2018-06-22 04:00:00+00:00,274.76
2018-06-25 04:00:00+00:00,271.07
2018-06-26 04:00:00+00:00,271.58
2018-06-27 04:00:00+00:00,269.8
2018-06-28 04:00:00+00:00,270.91
2018-06-29 04:00:00+00:00,271.34
2018-07-02 04:00:00+00:00,271.84
2018-07-03 04:00:00+00:00,270.88
2018-07-05 04:00:00+00:00,273.02
2018-07-06 04:00:00+00:00,275.36
2018-07-09 04:00:00+00:00,277.9
2018-07-10 04:00:00+00:00,278.81
2018-07-11 04:00:00+00:00,276.91
2018-07-12 04:00:00+00:00,279.29
2018-07-13 04:00:00+00:00,279.56
2018-07-16 04:00:00+00:00,279.39
2018-07-17 04:00:00+00:00,280.43
2018-07-18 04:00:00+00:00,281.06
2018-07-19 04:00:00+00:00,279.96
2018-07-20 04:00:00+00:00,279.72
2018-07-23 04:00:00+00:00,280.24
2018-07-24 04:00:00+00:00,281.55
2018-07-25 04:00:00+00:00,284.14
2018-07-26 04:00:00+00:00,283.3
2018-07-27 04:00:00+00:00,281.46
2018-07-30 04:00:00+00:00,279.9
2018-07-31 04:00:00+00:00,281.19
2018-08-01 04:00:00+00:00,280.89
2018-08-02 04:00:00+00:00,282.39
2018-08-03 04:00:00+00:00,283.62
2018-08-06 04:00:00+00:00,284.66
2018-08-07 04:00:00+00:00,285.58
2018-08-08 04:00:00+00:00,285.44
2018-08-09 04:00:00+00:00,285.09
2018-08-10 04:00:00+00:00,283.16
2018-08-13 04:00:00+00:00,282.08
2018-08-14 04:00:00+00:00,283.82
2018-08-15 04:00:00+00:00,281.75
2018-08-16 04:00:00+00:00,284.08
2018-08-17 04:00:00+00:00,285.02
2018-08-20 04:00:00+00:00,285.68
2018-08-21 04:00:00+00:00,286.27
2018-08-22 04:00:00+00:00,286.21
2018-08-23 04:00:00+00:00,285.79
2018-08-24 04:00:00+00:00,287.52
2018-08-27 04:00:00+00:00,289.73
2018-08-28 04:00:00+00:00,289.8395
2018-08-29 04:00:00+00:00,291.45
2018-08-30 04:00:00+00:00,290.32
2018-08-31 04:00:00+00:00,290.27
2018-09-04 04:00:00+00:00,289.84
2018-09-05 04:00:00+00:00,289.07
2018-09-06 04:00:00+00:00,288.16
2018-09-07 04:00:00+00:00,287.53
2018-09-10 04:00:00+00:00,288.09
2018-09-11 04:00:00+00:00,289.13
2018-09-12 04:00:00+00:00,289.18
2018-09-13 04:00:00+00:00,290.8
2018-09-14 04:00:00+00:00,290.92
2018-09-17 04:00:00+00:00,289.4
2018-09-18 04:00:00+00:00,290.92
2018-09-19 04:00:00+00:00,291.25
2018-09-20 04:00:00+00:00,293.53
2018-09-21 04:00:00+00:00,292.04
2018-09-24 04:00:00+00:00,291.08
2018-09-25 04:00:00+00:00,290.7
2018-09-26 04:00:00+00:00,289.805
2018-09-27 04:00:00+00:00,290.68
2018-09-28 04:00:00+00:00,290.57
2018-10-01 04:00:00+00:00,291.7
2018-10-02 04:00:00+00:00,291.61
2018-10-03 04:00:00+00:00,291.76
2018-10-04 04:00:00+00:00,289.53
2018-10-05 04:00:00+00:00,287.81
2018-10-08 04:00:00+00:00,287.8
2018-10-09 04:00:00+00:00,287.48
2018-10-10 04:00:00+00:00,278.27
2018-10-11 04:00:00+00:00,272.54
2018-10-12 04:00:00+00:00,276.01
2018-10-15 04:00:00+00:00,274.49
2018-10-16 04:00:00+00:00,280.24
2018-10-17 04:00:00+00:00,280.42
2018-10-18 04:00:00+00:00,276.39
2018-10-19 04:00:00+00:00,276.1797
2018-10-22 04:00:00+00:00,275.03
2018-10-23 04:00:00+00:00,273.52
2018-10-24 04:00:00+00:00,265.21
2018-10-25 04:00:00+00:00,270.01
2018-10-26 04:00:00+00:00,265.22
2018-10-29 04:00:00+00:00,263.69
2018-10-30 04:00:00+00:00,267.88
2018-10-31 04:00:00+00:00,270.69
2018-11-01 04:00:00+00:00,273.37
2018-11-02 04:00:00+00:00,271.8
2018-11-05 05:00:00+00:00,273.47
2018-11-06 05:00:00+00:00,275.11
2018-11-07 05:00:00+00:00,281.0
2018-11-08 05:00:00+00:00,280.48
2018-11-09 05:00:00+00:00,277.82
2018-11-12 05:00:00+00:00,272.4795
2018-11-13 05:00:00+00:00,272.04
2018-11-14 05:00:00+00:00,270.15
2018-11-15 05:00:00+00:00,273.01
2018-11-16 05:00:00+00:00,273.73
2018-11-19 05:00:00+00:00,269.12
2018-11-20 05:00:00+00:00,264.15
2018-11-21 05:00:00+00:00,265.03
2018-11-23 05:00:00+00:00,263.32
2018-11-26 05:00:00+00:00,267.43
2018-11-27 05:00:00+00:00,268.29
2018-11-28 05:00:00+00:00,274.36
2018-11-29 05:00:00+00:00,273.95
2018-11-30 05:00:00+00:00,275.685
2018-12-03 05:00:00+00:00,279.26
2018-12-04 05:00:00+00:00,270.39
2018-12-06 05:00:00+00:00,269.77
2018-12-07 05:00:00+00:00,263.66
2018-12-10 05:00:00+00:00,264.07
2018-12-11 05:00:00+00:00,264.11
2018-12-12 05:00:00+00:00,265.53
2018-12-13 05:00:00+00:00,265.38
2018-12-14 05:00:00+00:00,260.57
2018-12-17 05:00:00+00:00,255.17
2018-12-18 05:00:00+00:00,255.11
2018-12-19 05:00:00+00:00,251.04
2018-12-20 05:00:00+00:00,247.11
2018-12-21 05:00:00+00:00,240.61
2018-12-24 05:00:00+00:00,234.37
2018-12-26 05:00:00+00:00,245.9095
2018-12-27 05:00:00+00:00,248.21
2018-12-28 05:00:00+00:00,247.73
2018-12-31 05:00:00+00:00,250.08
2019-01-02 05:00:00+00:00,250.23
2019-01-03 05:00:00+00:00,244.15
2019-01-04 05:00:00+00:00,252.39
2019-01-07 05:00:00+00:00,254.29
2019-01-08 05:00:00+00:00,256.62
2019-01-09 05:00:00+00:00,257.92
2019-01-10 05:00:00+00:00,258.98
2019-01-11 05:00:00+00:00,258.81
2019-01-14 05:00:00+00:00,257.35
2019-01-15 05:00:00+00:00,260.23
2019-01-16 05:00:00+00:00,260.96
2019-01-17 05:00:00+00:00,263.0
2019-01-18 05:00:00+00:00,266.42
2019-01-22 05:00:00+00:00,262.94
2019-01-23 05:00:00+00:00,263.35
2019-01-24 05:00:00+00:00,263.6
2019-01-25 05:00:00+00:00,265.78
2019-01-28 05:00:00+00:00,263.78
2019-01-29 05:00:00+00:00,263.52
2019-01-30 05:00:00+00:00,267.44
2019-01-31 05:00:00+00:00,269.81
2019-02-01 05:00:00+00:00,270.08
2019-02-04 05:00:00+00:00,272.01
2019-02-05 05:00:00+00:00,273.16
2019-02-06 05:00:00+00:00,272.83
2019-02-07 05:00:00+00:00,270.17
2019-02-08 05:00:00+00:00,270.54
2019-02-11 05:00:00+00:00,270.69
2019-02-12 05:00:00+00:00,274.06
2019-02-13 05:00:00+00:00,274.95
2019-02-14 05:00:00+00:00,274.46
2019-02-15 05:00:00+00:00,277.38
2019-02-19 05:00:00+00:00,277.88
2019-02-20 05:00:00+00:00,278.43
2019-02-21 05:00:00+00:00,277.46
2019-02-22 05:00:00+00:00,279.16
2019-02-25 05:00:00+00:00,279.59
2019-02-26 05:00:00+00:00,279.34
2019-02-27 05:00:00+00:00,279.18
2019-02-28 05:00:00+00:00,278.65
2019-03-01 05:00:00+00:00,280.41
2019-03-04 05:00:00+00:00,279.38
2019-03-05 05:00:00+00:00,279.06
2019-03-06 05:00:00+00:00,277.34
2019-03-07 05:00:00+00:00,275.13
2019-03-08 05:00:00+00:00,274.49
2019-03-11 04:00:00+00:00,278.48
2019-03-12 04:00:00+00:00,279.44
2019-03-13 04:00:00+00:00,281.33
2019-03-14 04:00:00+00:00,281.2
2019-03-15 04:00:00+00:00,281.34
2019-03-18 04:00:00+00:00,282.42
2019-03-19 04:00:00+00:00,282.51
2019-03-20 04:00:00+00:00,281.5
2019-03-21 04:00:00+00:00,284.58
2019-03-22 04:00:00+00:00,279.34
2019-03-25 04:00:00+00:00,279.0
2019-03-26 04:00:00+00:00,281.04
2019-03-27 04:00:00+00:00,279.55
2019-03-28 04:00:00+00:00,280.71
2019-03-29 04:00:00+00:00,282.45
2019-04-01 04:00:00+00:00,285.74
2019-04-02 04:00:00+00:00,285.99
2019-04-03 04:00:00+00:00,286.45
2019-04-04 04:00:00+00:00,287.18
2019-04-05 04:00:00+00:00,288.52
2019-04-08 04:00:00+00:00,288.8
2019-04-09 04:00:00+00:00,287.33
2019-04-10 04:00:00+00:00,288.29
2019-04-11 04:00:00+00:00,288.23
2019-04-12 04:00:00+00:00,290.13
2019-04-15 04:00:00+00:00,289.98
2019-04-16 04:00:00+00:00,290.1705
2019-04-17 04:00:00+00:00,289.47
2019-04-18 04:00:00+00:00,289.99
2019-04-22 04:00:00+00:00,290.3
2019-04-23 04:00:00+00:00,292.89
2019-04-24 04:00:00+00:00,292.21
2019-04-25 04:00:00+00:00,292.13
2019-04-26 04:00:00+00:00,293.41
2019-04-29 04:00:00+00:00,293.78
2019-04-30 04:00:00+00:00,293.87
2019-05-01 04:00:00+00:00,291.82
2019-05-02 04:00:00+00:00,291.13
2019-05-03 04:00:00+00:00,293.98
2019-05-06 04:00:00+00:00,292.83
2019-05-07 04:00:00+00:00,288.05
2019-05-08 04:00:00+00:00,287.73
2019-05-09 04:00:00+00:00,286.67
2019-05-10 04:00:00+00:00,288.03
2019-05-13 04:00:00+00:00,280.9905
2019-05-14 04:00:00+00:00,283.38
2019-05-15 04:00:00+00:00,285.15
2019-05-16 04:00:00+00:00,287.68
2019-05-17 04:00:00+00:00,285.94
2019-05-20 04:00:00+00:00,283.96
2019-05-21 04:00:00+00:00,286.48
2019-05-22 04:00:00+00:00,285.62
2019-05-23 04:00:00+00:00,282.19
2019-05-24 04:00:00+00:00,282.95
2019-05-28 04:00:00+00:00,280.31
2019-05-29 04:00:00+00:00,278.26
2019-05-30 04:00:00+00:00,278.98
2019-05-31 04:00:00+00:00,275.37
2019-06-03 04:00:00+00:00,274.61
2019-06-04 04:00:00+00:00,280.49
2019-06-05 04:00:00+00:00,282.87
2019-06-06 04:00:00+00:00,284.78
2019-06-07 04:00:00+00:00,287.58
2019-06-10 04:00:00+00:00,288.9305
2019-06-11 04:00:00+00:00,288.91
2019-06-12 04:00:00+00:00,288.3
2019-06-13 04:00:00+00:00,289.58
2019-06-14 04:00:00+00:00,289.23
2019-06-17 04:00:00+00:00,289.47
2019-06-18 04:00:00+00:00,292.32
2019-06-19 04:00:00+00:00,293.01
2019-06-20 04:00:00+00:00,295.88
2019-06-21 04:00:00+00:00,294.0
2019-06-24 04:00:00+00:00,293.66
2019-06-25 04:00:00+00:00,290.78
2019-06-26 04:00:00+00:00,290.51
2019-06-27 04:00:00+00:00,291.52
2019-06-28 04:00:00+00:00,293.1
2019-07-01 04:00:00+00:00,295.58
2019-07-02 04:00:00+00:00,296.44
2019-07-03 04:00:00+00:00,298.8
2019-07-05 04:00:00+00:00,298.27
2019-07-08 04:00:00+00:00,296.86
2019-07-09 04:00:00+00:00,297.23
2019-07-10 04:00:00+00:00,298.61
2019-07-11 04:00:00+00:00,299.32
2019-07-12 04:00:00+00:00,300.65
2019-07-15 04:00:00+00:00,300.84
2019-07-16 04:00:00+00:00,299.78
2019-07-17 04:00:00+00:00,297.78
2019-07-18 04:00:00+00:00,298.87
2019-07-19 04:00:00+00:00,297.26
2019-07-22 04:00:00+00:00,297.81
2019-07-23 04:00:00+00:00,299.98
2019-07-24 04:00:00+00:00,301.4
2019-07-25 04:00:00+00:00,299.97
2019-07-26 04:00:00+00:00,301.96
2019-07-29 04:00:00+00:00,301.49
2019-07-30 04:00:00+00:00,300.79
2019-07-31 04:00:00+00:00,297.4
2019-08-01 04:00:00+00:00,295.0
2019-08-02 04:00:00+00:00,292.62
2019-08-05 04:00:00+00:00,284.05
2019-08-06 04:00:00+00:00,287.73
2019-08-07 04:00:00+00:00,288.16
2019-08-08 04:00:00+00:00,293.59
2019-08-09 04:00:00+00:00,291.6
2019-08-12 04:00:00+00:00,287.93
2019-08-13 04:00:00+00:00,292.42
2019-08-14 04:00:00+00:00,284.02
2019-08-15 04:00:00+00:00,284.65
2019-08-16 04:00:00+00:00,288.81
2019-08-19 04:00:00+00:00,292.32
2019-08-20 04:00:00+00:00,290.02
2019-08-21 04:00:00+00:00,292.41
2019-08-22 04:00:00+00:00,292.33
2019-08-23 04:00:00+00:00,284.88
2019-08-26 04:00:00+00:00,287.95
2019-08-27 04:00:00+00:00,286.7
2019-08-28 04:00:00+00:00,288.84
2019-08-29 04:00:00+00:00,292.58
2019-08-30 04:00:00+00:00,292.4527
2019-09-03 04:00:00+00:00,290.75
2019-09-04 04:00:00+00:00,293.97
2019-09-05 04:00:00+00:00,297.75
2019-09-06 04:00:00+00:00,298.05
2019-09-09 04:00:00+00:00,298.2
2019-09-10 04:00:00+00:00,298.09
2019-09-11 04:00:00+00:00,300.31
2019-09-12 04:00:00+00:00,301.36
2019-09-13 04:00:00+00:00,300.99
2019-09-16 04:00:00+00:00,300.21
2019-09-17 04:00:00+00:00,300.95
2019-09-18 04:00:00+00:00,301.1
2019-09-19 04:00:00+00:00,301.07
2019-09-20 04:00:00+00:00,298.08
2019-09-23 04:00:00+00:00,298.3
2019-09-24 04:00:00+00:00,295.92
2019-09-25 04:00:00+00:00,297.61
2019-09-26 04:00:00+00:00,297.0
2019-09-27 04:00:00+00:00,295.41
2019-09-30 04:00:00+00:00,296.7905
2019-10-01 04:00:00+00:00,293.32
2019-10-02 04:00:00+00:00,288.16
2019-10-03 04:00:00+00:00,290.45
2019-10-04 04:00:00+00:00,294.3
2019-10-07 04:00:00+00:00,293.1
2019-10-08 04:00:00+00:00,288.66
2019-10-09 04:00:00+00:00,291.12
2019-10-10 04:00:00+00:00,293.29
2019-10-11 04:00:00+00:00,296.25
2019-10-14 04:00:00+00:00,296.03
2019-10-15 04:00:00+00:00,298.88
2019-10-16 04:00:00+00:00,298.46
2019-10-17 04:00:00+00:00,299.21
2019-10-18 04:00:00+00:00,298.09
2019-10-21 04:00:00+00:00,300.03
2019-10-22 04:00:00+00:00,298.99
2019-10-23 04:00:00+00:00,299.83
2019-10-24 04:00:00+00:00,300.42
2019-10-25 04:00:00+00:00,301.59
2019-10-28 04:00:00+00:00,303.34
2019-10-29 04:00:00+00:00,303.14
2019-10-30 04:00:00+00:00,304.21
2019-10-31 04:00:00+00:00,303.33
2019-11-01 04:00:00+00:00,306.17
2019-11-04 05:00:00+00:00,307.37
2019-11-05 05:00:00+00:00,307.04
2019-11-06 05:00:00+00:00,307.07
2019-11-07 05:00:00+00:00,308.21
2019-11-08 05:00:00+00:00,308.93
2019-11-11 05:00:00+00:00,308.36
2019-11-12 05:00:00+00:00,308.96
2019-11-13 05:00:00+00:00,309.15
2019-11-14 05:00:00+00:00,309.54
2019-11-15 05:00:00+00:00,311.81
2019-11-18 05:00:00+00:00,311.98
2019-11-19 05:00:00+00:00,311.91
2019-11-20 05:00:00+00:00,310.81
2019-11-21 05:00:00+00:00,310.3
2019-11-22 05:00:00+00:00,311.02
2019-11-25 05:00:00+00:00,313.33
2019-11-26 05:00:00+00:00,313.99
2019-11-27 05:00:00+00:00,315.42
2019-11-29 05:00:00+00:00,314.33
2019-12-02 05:00:00+00:00,311.66
2019-12-03 05:00:00+00:00,309.51
2019-12-04 05:00:00+00:00,311.5
2019-12-05 05:00:00+00:00,312.09
2019-12-06 05:00:00+00:00,314.83
2019-12-09 05:00:00+00:00,313.89
2019-12-10 05:00:00+00:00,313.58
2019-12-11 05:00:00+00:00,314.33
2019-12-12 05:00:00+00:00,317.08
2019-12-13 05:00:00+00:00,317.29
2019-12-16 05:00:00+00:00,319.49
2019-12-17 05:00:00+00:00,319.5495
2019-12-18 05:00:00+00:00,319.56
2019-12-19 05:00:00+00:00,320.87
2019-12-20 05:00:00+00:00,320.86
2019-12-23 05:00:00+00:00,321.27
2019-12-24 05:00:00+00:00,321.24
2019-12-26 05:00:00+00:00,322.94
2019-12-27 05:00:00+00:00,322.85
2019-12-30 05:00:00+00:00,321.13
2019-12-31 05:00:00+00:00,321.85
2020-01-02 05:00:00+00:00,324.87
2020-01-03 05:00:00+00:00,322.43
2020-01-06 05:00:00+00:00,323.73
2020-01-07 05:00:00+00:00,322.74
2020-01-08 05:00:00+00:00,324.42
2020-01-09 05:00:00+00:00,326.59
2020-01-10 05:00:00+00:00,325.64
2020-01-13 05:00:00+00:00,327.92
2020-01-14 05:00:00+00:00,327.42
2020-01-15 05:00:00+00:00,328.16
2020-01-16 05:00:00+00:00,330.86
2020-01-17 05:00:00+00:00,332.01
2020-01-21 05:00:00+00:00,331.29
2020-01-22 05:00:00+00:00,331.35
2020-01-23 05:00:00+00:00,331.8
2020-01-24 05:00:00+00:00,328.76
2020-01-27 05:00:00+00:00,323.51
2020-01-28 05:00:00+00:00,326.88
2020-01-29 05:00:00+00:00,326.62
2020-01-30 05:00:00+00:00,327.62
2020-01-31 05:00:00+00:00,321.75
2020-02-03 05:00:00+00:00,324.12
2020-02-04 05:00:00+00:00,329.06
2020-02-05 05:00:00+00:00,332.84
2020-02-06 05:00:00+00:00,333.93
2020-02-07 05:00:00+00:00,332.24
2020-02-10 05:00:00+00:00,334.75
2020-02-11 05:00:00+00:00,335.27
2020-02-12 05:00:00+00:00,337.44
2020-02-13 05:00:00+00:00,337.17
2020-02-14 05:00:00+00:00,337.6
2020-02-18 05:00:00+00:00,336.73
2020-02-19 05:00:00+00:00,338.32
2020-02-20 05:00:00+00:00,336.99
2020-02-21 05:00:00+00:00,333.45
2020-02-24 05:00:00+00:00,322.42
2020-02-25 05:00:00+00:00,312.59
2020-02-26 05:00:00+00:00,311.61
2020-02-27 05:00:00+00:00,297.7
2020-02-28 05:00:00+00:00,296.24
2020-03-02 05:00:00+00:00,308.9
2020-03-03 05:00:00+00:00,300.32
2020-03-04 05:00:00+00:00,313.05
2020-03-05 05:00:00+00:00,302.51
2020-03-06 05:00:00+00:00,297.43
2020-03-09 04:00:00+00:00,276.32
2020-03-10 04:00:00+00:00,288.41
2020-03-11 04:00:00+00:00,274.25
2020-03-12 04:00:00+00:00,255.24
2020-03-13 04:00:00+00:00,270.2
2020-03-16 04:00:00+00:00,241.065
2020-03-17 04:00:00+00:00,254.19
2020-03-18 04:00:00+00:00,235.69
2020-03-19 04:00:00+00:00,240.55
2020-03-20 04:00:00+00:00,229.4
2020-03-23 04:00:00+00:00,222.68
2020-03-24 04:00:00+00:00,242.0
2020-03-25 04:00:00+00:00,246.79
2020-03-26 04:00:00+00:00,260.93
2020-03-27 04:00:00+00:00,254.0
2020-03-30 04:00:00+00:00,261.56
2020-03-31 04:00:00+00:00,257.36
2020-04-01 04:00:00+00:00,246.04
2020-04-02 04:00:00+00:00,251.93
2020-04-03 04:00:00+00:00,247.95
2020-04-06 04:00:00+00:00,264.74
2020-04-07 04:00:00+00:00,265.18
2020-04-08 04:00:00+00:00,274.0
2020-04-09 04:00:00+00:00,278.22
2020-04-13 04:00:00+00:00,275.63
2020-04-14 04:00:00+00:00,283.8
2020-04-15 04:00:00+00:00,277.75
2020-04-16 04:00:00+00:00,278.96
2020-04-17 04:00:00+00:00,286.54
2020-04-20 04:00:00+00:00,281.76
2020-04-21 04:00:00+00:00,273.17
2020-04-22 04:00:00+00:00,279.04
2020-04-23 04:00:00+00:00,279.01
2020-04-24 04:00:00+00:00,282.89
2020-04-27 04:00:00+00:00,287.1
2020-04-28 04:00:00+00:00,285.69
2020-04-29 04:00:00+00:00,293.15
2020-04-30 04:00:00+00:00,290.63
2020-05-01 04:00:00+00:00,282.83
2020-05-04 04:00:00+00:00,283.59
2020-05-05 04:00:00+00:00,286.15
2020-05-06 04:00:00+00:00,284.34
2020-05-07 04:00:00+00:00,287.7
2020-05-08 04:00:00+00:00,292.51
2020-05-11 04:00:00+00:00,292.62
2020-05-12 04:00:00+00:00,286.55
2020-05-13 04:00:00+00:00,281.49
2020-05-14 04:00:00+00:00,285.04
2020-05-15 04:00:00+00:00,286.29
2020-05-18 04:00:00+00:00,294.94
2020-05-19 04:00:00+00:00,292.21
2020-05-20 04:00:00+00:00,297.03
2020-05-21 04:00:00+00:00,294.83
2020-05-22 04:00:00+00:00,295.48
2020-05-26 04:00:00+00:00,299.2
2020-05-27 04:00:00+00:00,303.55
2020-05-28 04:00:00+00:00,303.07
2020-05-29 04:00:00+00:00,304.49
2020-06-01 04:00:00+00:00,305.45
2020-06-02 04:00:00+00:00,308.08
2020-06-03 04:00:00+00:00,312.09
2020-06-04 04:00:00+00:00,311.34
2020-06-05 04:00:00+00:00,319.4
2020-06-08 04:00:00+00:00,323.15
2020-06-09 04:00:00+00:00,320.94
2020-06-10 04:00:00+00:00,319.03
2020-06-11 04:00:00+00:00,300.69
2020-06-12 04:00:00+00:00,304.38
2020-06-15 04:00:00+00:00,307.11
2020-06-16 04:00:00+00:00,312.75
2020-06-17 04:00:00+00:00,311.66
2020-06-18 04:00:00+00:00,311.76
2020-06-19 04:00:00+00:00,308.54
2020-06-22 04:00:00+00:00,310.67
2020-06-23 04:00:00+00:00,312.0
2020-06-24 04:00:00+00:00,304.21
2020-06-25 04:00:00+00:00,307.26
2020-06-26 04:00:00+00:00,300.09
2020-06-29 04:00:00+00:00,304.56
2020-06-30 04:00:00+00:00,308.94
2020-07-01 04:00:00+00:00,310.57
2020-07-02 04:00:00+00:00,312.19
2020-07-06 04:00:00+00:00,317.01
2020-07-07 04:00:00+00:00,313.77
2020-07-08 04:00:00+00:00,316.16
2020-07-09 04:00:00+00:00,314.6
2020-07-10 04:00:00+00:00,317.64
2020-07-13 04:00:00+00:00,314.81
2020-07-14 04:00:00+00:00,318.93
2020-07-15 04:00:00+00:00,321.98
2020-07-16 04:00:00+00:00,320.86
2020-07-17 04:00:00+00:00,321.7
2020-07-20 04:00:00+00:00,324.27
2020-07-21 04:00:00+00:00,324.9
2020-07-22 04:00:00+00:00,326.82
2020-07-23 04:00:00+00:00,322.95
2020-07-24 04:00:00+00:00,320.91
2020-07-27 04:00:00+00:00,323.27
2020-07-28 04:00:00+00:00,321.3
2020-07-29 04:00:00+00:00,325.01
2020-07-30 04:00:00+00:00,323.98
2020-07-31 04:00:00+00:00,326.4
2020-08-03 04:00:00+00:00,328.67
2020-08-04 04:00:00+00:00,330.0
2020-08-05 04:00:00+00:00,332.03
2020-08-06 04:00:00+00:00,334.32
2020-08-07 04:00:00+00:00,334.57
2020-08-10 04:00:00+00:00,335.56
2020-08-11 04:00:00+00:00,332.82
2020-08-12 04:00:00+00:00,337.31
2020-08-13 04:00:00+00:00,336.81
2020-08-14 04:00:00+00:00,336.85
2020-08-17 04:00:00+00:00,337.92
2020-08-18 04:00:00+00:00,338.595
2020-08-19 04:00:00+00:00,337.13
2020-08-20 04:00:00+00:00,338.31
2020-08-21 04:00:00+00:00,339.45
2020-08-24 04:00:00+00:00,342.9
2020-08-25 04:00:00+00:00,344.15
2020-08-26 04:00:00+00:00,347.61
2020-08-27 04:00:00+00:00,348.34
2020-08-28 04:00:00+00:00,350.57
2020-08-31 04:00:00+00:00,349.8206
2020-09-01 04:00:00+00:00,352.68
2020-09-02 04:00:00+00:00,357.78
2020-09-03 04:00:00+00:00,345.53
2020-09-04 04:00:00+00:00,342.35
2020-09-08 04:00:00+00:00,333.27
2020-09-09 04:00:00+00:00,339.77
2020-09-10 04:00:00+00:00,334.13
2020-09-11 04:00:00+00:00,334.09
2020-09-14 04:00:00+00:00,338.44
2020-09-15 04:00:00+00:00,340.12
2020-09-16 04:00:00+00:00,338.88
2020-09-17 04:00:00+00:00,335.87
2020-09-18 04:00:00+00:00,330.77
2020-09-21 04:00:00+00:00,327.12
2020-09-22 04:00:00+00:00,330.3
2020-09-23 04:00:00+00:00,322.54
2020-09-24 04:00:00+00:00,323.42
2020-09-25 04:00:00+00:00,328.72
2020-09-28 04:00:00+00:00,334.25
2020-09-29 04:00:00+00:00,332.43
2020-09-30 04:00:00+00:00,334.32
2020-10-01 04:00:00+00:00,336.97
2020-10-02 04:00:00+00:00,333.88
2020-10-05 04:00:00+00:00,339.72
2020-10-06 04:00:00+00:00,334.95
2020-10-07 04:00:00+00:00,340.75
2020-10-08 04:00:00+00:00,343.65
2020-10-09 04:00:00+00:00,346.73
2020-10-12 04:00:00+00:00,352.36
2020-10-13 04:00:00+00:00,350.17
2020-10-14 04:00:00+00:00,347.93
2020-10-15 04:00:00+00:00,347.54
2020-10-16 04:00:00+00:00,347.32
2020-10-19 04:00:00+00:00,342.13
2020-10-20 04:00:00+00:00,343.3
2020-10-21 04:00:00+00:00,342.65
2020-10-22 04:00:00+00:00,344.64
2020-10-23 04:00:00+00:00,345.62
2020-10-26 04:00:00+00:00,339.41
2020-10-27 04:00:00+00:00,338.33
2020-10-28 04:00:00+00:00,326.7
2020-10-29 04:00:00+00:00,330.08
2020-10-30 04:00:00+00:00,326.69
2020-11-02 05:00:00+00:00,330.19
2020-11-03 05:00:00+00:00,335.92
2020-11-04 05:00:00+00:00,343.66
2020-11-05 05:00:00+00:00,350.19
2020-11-06 05:00:00+00:00,350.18
2020-11-09 05:00:00+00:00,354.62
2020-11-10 05:00:00+00:00,354.08
2020-11-11 05:00:00+00:00,356.72
2020-11-12 05:00:00+00:00,353.34
2020-11-13 05:00:00+00:00,358.1
2020-11-16 05:00:00+00:00,362.58
2020-11-17 05:00:00+00:00,360.82
2020-11-18 05:00:00+00:00,356.25
2020-11-19 05:00:00+00:00,357.96
2020-11-20 05:00:00+00:00,355.35
2020-11-23 05:00:00+00:00,357.53
2020-11-24 05:00:00+00:00,363.14
2020-11-25 05:00:00+00:00,362.49
2020-11-27 05:00:00+00:00,363.71
2020-11-30 05:00:00+00:00,362.21
2020-12-01 05:00:00+00:00,365.84
2020-12-02 05:00:00+00:00,366.82
2020-12-03 05:00:00+00:00,366.67
2020-12-04 05:00:00+00:00,369.78
2020-12-07 05:00:00+00:00,369.16
2020-12-08 05:00:00+00:00,370.19
2020-12-09 05:00:00+00:00,366.77
2020-12-10 05:00:00+00:00,366.87
2020-12-11 05:00:00+00:00,366.14
2020-12-14 05:00:00+00:00,364.9
2020-12-15 05:00:00+00:00,369.56
2020-12-16 05:00:00+00:00,370.06
2020-12-17 05:00:00+00:00,372.19
2020-12-18 05:00:00+00:00,369.15
2020-12-21 05:00:00+00:00,367.65
2020-12-22 05:00:00+00:00,367.3
2020-12-23 05:00:00+00:00,367.49
2020-12-24 05:00:00+00:00,369.03
2020-12-28 05:00:00+00:00,372.22
2020-12-29 05:00:00+00:00,371.62
2020-12-30 05:00:00+00:00,372.03
2020-12-31 05:00:00+00:00,374.25
2021-01-04 05:00:00+00:00,368.97
2021-01-05 05:00:00+00:00,371.4
2021-01-06 05:00:00+00:00,373.41
2021-01-07 05:00:00+00:00,379.13
2021-01-08 05:00:00+00:00,381.29
2021-01-11 05:00:00+00:00,378.7
2021-01-12 05:00:00+00:00,378.66
2021-01-13 05:00:00+00:00,379.7
2021-01-14 05:00:00+00:00,378.58
2021-01-15 05:00:00+00:00,375.67
2021-01-19 05:00:00+00:00,378.64
2021-01-20 05:00:00+00:00,383.8
2021-01-21 05:00:00+00:00,384.15
2021-01-22 05:00:00+00:00,382.82
2021-01-25 05:00:00+00:00,384.54
2021-01-26 05:00:00+00:00,383.75
2021-01-27 05:00:00+00:00,374.65
2021-01-28 05:00:00+00:00,377.52
2021-01-29 05:00:00+00:00,370.14
2021-02-01 05:00:00+00:00,376.02
2021-02-02 05:00:00+00:00,381.25
2021-02-03 05:00:00+00:00,381.84
2021-02-04 05:00:00+00:00,386.11
2021-02-05 05:00:00+00:00,387.63
2021-02-08 05:00:00+00:00,390.52
2021-02-09 05:00:00+00:00,390.31
2021-02-10 05:00:00+00:00,390.17
2021-02-11 05:00:00+00:00,390.71
2021-02-12 05:00:00+00:00,392.73
2021-02-16 05:00:00+00:00,392.38
2021-02-17 05:00:00+00:00,392.45
2021-02-18 05:00:00+00:00,390.82
2021-02-19 05:00:00+00:00,390.05
2021-02-22 05:00:00+00:00,387.08
2021-02-23 05:00:00+00:00,387.52
2021-02-24 05:00:00+00:00,391.84
2021-02-25 05:00:00+00:00,382.37
2021-02-26 05:00:00+00:00,380.01
2021-03-01 05:00:00+00:00,389.43
2021-03-02 05:00:00+00:00,386.56
2021-03-03 05:00:00+00:00,381.4
2021-03-04 05:00:00+00:00,376.6799
2021-03-05 05:00:00+00:00,383.56
2021-03-08 05:00:00+00:00,381.72
2021-03-09 05:00:00+00:00,387.13
2021-03-10 05:00:00+00:00,389.39
2021-03-11 05:00:00+00:00,393.46
2021-03-12 05:00:00+00:00,394.0
2021-03-15 04:00:00+00:00,396.48
2021-03-16 04:00:00+00:00,395.86
2021-03-17 04:00:00+00:00,397.21
2021-03-18 04:00:00+00:00,391.53
2021-03-19 04:00:00+00:00,389.57
2021-03-22 04:00:00+00:00,392.55
2021-03-23 04:00:00+00:00,389.63
2021-03-24 04:00:00+00:00,387.63
2021-03-25 04:00:00+00:00,389.72
2021-03-26 04:00:00+00:00,395.91
2021-03-29 04:00:00+00:00,395.76
2021-03-30 04:00:00+00:00,394.69
2021-03-31 04:00:00+00:00,396.33
2021-04-01 04:00:00+00:00,400.61
2021-04-05 04:00:00+00:00,406.36
2021-04-06 04:00:00+00:00,406.12
2021-04-07 04:00:00+00:00,406.59
2021-04-08 04:00:00+00:00,408.52
2021-04-09 04:00:00+00:00,411.49
2021-04-12 04:00:00+00:00,411.64
2021-04-13 04:00:00+00:00,412.86
2021-04-14 04:00:00+00:00,411.45
2021-04-15 04:00:00+00:00,415.87
2021-04-16 04:00:00+00:00,417.26
2021-04-19 04:00:00+00:00,415.21
2021-04-20 04:00:00+00:00,412.17
2021-04-21 04:00:00+00:00,416.07
2021-04-22 04:00:00+00:00,412.27
2021-04-23 04:00:00+00:00,416.74
2021-04-26 04:00:00+00:00,417.61
2021-04-27 04:00:00+00:00,417.52
2021-04-28 04:00:00+00:00,417.4
2021-04-29 04:00:00+00:00,420.06
2021-04-30 04:00:00+00:00,417.3
2021-05-03 04:00:00+00:00,418.2
2021-05-04 04:00:00+00:00,415.62
2021-05-05 04:00:00+00:00,415.75
2021-05-06 04:00:00+00:00,419.07
2021-05-07 04:00:00+00:00,422.12
2021-05-10 04:00:00+00:00,417.94
2021-05-11 04:00:00+00:00,414.21
2021-05-12 04:00:00+00:00,405.41
2021-05-13 04:00:00+00:00,410.28
2021-05-14 04:00:00+00:00,416.58
2021-05-17 04:00:00+00:00,415.48
2021-05-18 04:00:00+00:00,412.02
2021-05-19 04:00:00+00:00,410.78
2021-05-20 04:00:00+00:00,415.15
2021-05-21 04:00:00+00:00,414.98
2021-05-24 04:00:00+00:00,419.17
2021-05-25 04:00:00+00:00,418.33
2021-05-26 04:00:00+00:00,419.04
2021-05-27 04:00:00+00:00,419.18
2021-05-28 04:00:00+00:00,420.19
2021-06-01 04:00:00+00:00,419.67
2021-06-02 04:00:00+00:00,420.39
2021-06-03 04:00:00+00:00,418.83
2021-06-04 04:00:00+00:00,422.44
2021-06-07 04:00:00+00:00,422.26
2021-06-08 04:00:00+00:00,422.3
2021-06-09 04:00:00+00:00,421.67
2021-06-10 04:00:00+00:00,423.61
2021-06-11 04:00:00+00:00,424.31
2021-06-14 04:00:00+00:00,425.26
2021-06-15 04:00:00+00:00,424.48
2021-06-16 04:00:00+00:00,422.11
2021-06-17 04:00:00+00:00,421.97
2021-06-18 04:00:00+00:00,414.92
2021-06-21 04:00:00+00:00,420.86
2021-06-22 04:00:00+00:00,423.11
2021-06-23 04:00:00+00:00,422.6
2021-06-24 04:00:00+00:00,425.1
2021-06-25 04:00:00+00:00,426.61
2021-06-28 04:00:00+00:00,427.47
2021-06-29 04:00:00+00:00,427.7
2021-06-30 04:00:00+00:00,428.06
2021-07-01 04:00:00+00:00,430.43
2021-07-02 04:00:00+00:00,433.72
2021-07-06 04:00:00+00:00,432.93
2021-07-07 04:00:00+00:00,434.46
2021-07-08 04:00:00+00:00,430.92
2021-07-09 04:00:00+00:00,435.52
2021-07-12 04:00:00+00:00,437.08
2021-07-13 04:00:00+00:00,435.59
2021-07-14 04:00:00+00:00,436.24
2021-07-15 04:00:00+00:00,434.75
2021-07-16 04:00:00+00:00,431.34
2021-07-19 04:00:00+00:00,424.97
2021-07-20 04:00:00+00:00,431.06
2021-07-21 04:00:00+00:00,434.55
2021-07-22 04:00:00+00:00,435.46
2021-07-23 04:00:00+00:00,439.94
2021-07-26 04:00:00+00:00,441.02
2021-07-27 04:00:00+00:00,439.01
2021-07-28 04:00:00+00:00,438.83
2021-07-29 04:00:00+00:00,440.65
2021-07-30 04:00:00+00:00,438.51
2021-08-02 04:00:00+00:00,437.59
2021-08-03 04:00:00+00:00,441.15
2021-08-04 04:00:00+00:00,438.98
2021-08-05 04:00:00+00:00,441.76
2021-08-06 04:00:00+00:00,442.49
2021-08-09 04:00:00+00:00,442.13
2021-08-10 04:00:00+00:00,442.68
2021-08-11 04:00:00+00:00,443.78
2021-08-12 04:00:00+00:00,445.11
2021-08-13 04:00:00+00:00,445.92
2021-08-16 04:00:00+00:00,446.97
2021-08-17 04:00:00+00:00,444.04
2021-08-18 04:00:00+00:00,439.18
2021-08-19 04:00:00+00:00,439.86
2021-08-20 04:00:00+00:00,443.36
2021-08-23 04:00:00+00:00,447.26
2021-08-24 04:00:00+00:00,447.97
2021-08-25 04:00:00+00:00,448.91
2021-08-26 04:00:00+00:00,446.26
2021-08-27 04:00:00+00:00,450.25
2021-08-30 04:00:00+00:00,452.23
2021-08-31 04:00:00+00:00,451.56
2021-09-01 04:00:00+00:00,451.8
2021-09-02 04:00:00+00:00,453.19
2021-09-03 04:00:00+00:00,453.08
2021-09-07 04:00:00+00:00,451.46
2021-09-08 04:00:00+00:00,450.91
2021-09-09 04:00:00+00:00,448.98
2021-09-10 04:00:00+00:00,445.44
2021-09-13 04:00:00+00:00,446.58
2021-09-14 04:00:00+00:00,444.17
2021-09-15 04:00:00+00:00,447.88
2021-09-16 04:00:00+00:00,447.17
2021-09-17 04:00:00+00:00,441.4
2021-09-20 04:00:00+00:00,434.04
2021-09-21 04:00:00+00:00,433.63
2021-09-22 04:00:00+00:00,437.86
2021-09-23 04:00:00+00:00,443.18
2021-09-24 04:00:00+00:00,443.91
2021-09-27 04:00:00+00:00,442.64
2021-09-28 04:00:00+00:00,433.72
2021-09-29 04:00:00+00:00,434.45
2021-09-30 04:00:00+00:00,429.14
2021-10-01 04:00:00+00:00,434.24
2021-10-04 04:00:00+00:00,428.64
2021-10-05 04:00:00+00:00,433.1
2021-10-06 04:00:00+00:00,434.9
2021-10-07 04:00:00+00:00,438.66
2021-10-08 04:00:00+00:00,437.86
2021-10-11 04:00:00+00:00,434.69
2021-10-12 04:00:00+00:00,433.62
2021-10-13 04:00:00+00:00,435.18
2021-10-14 04:00:00+00:00,442.5
2021-10-15 04:00:00+00:00,445.87
2021-10-18 04:00:00+00:00,447.19
2021-10-19 04:00:00+00:00,450.64
2021-10-20 04:00:00+00:00,452.41
2021-10-21 04:00:00+00:00,453.59
2021-10-22 04:00:00+00:00,453.12
2021-10-25 04:00:00+00:00,455.55
2021-10-26 04:00:00+00:00,455.96
2021-10-27 04:00:00+00:00,453.94
2021-10-28 04:00:00+00:00,458.32
2021-10-29 04:00:00+00:00,459.25
2021-11-01 04:00:00+00:00,460.04
2021-11-02 04:00:00+00:00,461.9
2021-11-03 04:00:00+00:00,464.72
2021-11-04 04:00:00+00:00,466.91
2021-11-05 04:00:00+00:00,468.53
2021-11-08 05:00:00+00:00,468.93
2021-11-09 05:00:00+00:00,467.38
2021-11-10 05:00:00+00:00,463.62
2021-11-11 05:00:00+00:00,463.77
2021-11-12 05:00:00+00:00,467.27
2021-11-15 05:00:00+00:00,467.43
2021-11-16 05:00:00+00:00,469.28
2021-11-17 05:00:00+00:00,468.14
2021-11-18 05:00:00+00:00,469.73
2021-11-19 05:00:00+00:00,468.89
2021-11-22 05:00:00+00:00,467.57
2021-11-23 05:00:00+00:00,468.19
2021-11-24 05:00:00+00:00,469.44
2021-11-26 05:00:00+00:00,458.97
2021-11-29 05:00:00+00:00,464.6
2021-11-30 05:00:00+00:00,455.56
2021-12-01 05:00:00+00:00,450.5
2021-12-02 05:00:00+00:00,457.4
2021-12-03 05:00:00+00:00,453.42
2021-12-06 05:00:00+00:00,458.79
2021-12-07 05:00:00+00:00,468.28
2021-12-08 05:00:00+00:00,469.52
2021-12-09 05:00:00+00:00,466.35
2021-12-10 05:00:00+00:00,470.74
2021-12-13 05:00:00+00:00,466.59
2021-12-14 05:00:00+00:00,463.36
2021-12-15 05:00:00+00:00,470.6
2021-12-16 05:00:00+00:00,466.45
2021-12-17 05:00:00+00:00,459.87
2021-12-20 05:00:00+00:00,454.98
2021-12-21 05:00:00+00:00,463.06
2021-12-22 05:00:00+00:00,467.69
2021-12-23 05:00:00+00:00,470.6
2021-12-27 05:00:00+00:00,477.26
2021-12-28 05:00:00+00:00,476.87
2021-12-29 05:00:00+00:00,477.48
2021-12-30 05:00:00+00:00,476.16
2021-12-31 05:00:00+00:00,474.96
2022-01-03 05:00:00+00:00,477.71
2022-01-04 05:00:00+00:00,477.55
2022-01-05 05:00:00+00:00,468.38
2022-01-06 05:00:00+00:00,467.94
2022-01-07 05:00:00+00:00,466.09
2022-01-10 05:00:00+00:00,465.51
2022-01-11 05:00:00+00:00,469.73
2022-01-12 05:00:00+00:00,471.02
2022-01-13 05:00:00+00:00,464.53
2022-01-14 05:00:00+00:00,464.72
2022-01-18 05:00:00+00:00,456.49
2022-01-19 05:00:00+00:00,451.75
2022-01-20 05:00:00+00:00,446.75
2022-01-21 05:00:00+00:00,437.98
2022-01-24 05:00:00+00:00,439.84
2022-01-25 05:00:00+00:00,434.47
2022-01-26 05:00:00+00:00,433.38
2022-01-27 05:00:00+00:00,431.24
2022-01-28 05:00:00+00:00,441.95
2022-01-31 05:00:00+00:00,449.91
2022-02-01 05:00:00+00:00,452.95
2022-02-02 05:00:00+00:00,457.35
2022-02-03 05:00:00+00:00,446.6
2022-02-04 05:00:00+00:00,448.7
2022-02-07 05:00:00+00:00,447.26
2022-02-08 05:00:00+00:00,450.94
2022-02-09 05:00:00+00:00,457.54
2022-02-10 05:00:00+00:00,449.32
2022-02-11 05:00:00+00:00,440.46
2022-02-14 05:00:00+00:00,439.02
2022-02-15 05:00:00+00:00,446.1
2022-02-16 05:00:00+00:00,446.6
2022-02-17 05:00:00+00:00,437.06
2022-02-18 05:00:00+00:00,434.23
2022-02-22 05:00:00+00:00,429.57
2022-02-23 05:00:00+00:00,422.07
2022-02-24 05:00:00+00:00,427.99
2022-02-25 05:00:00+00:00,437.75
2022-02-28 05:00:00+00:00,436.63
2022-03-01 05:00:00+00:00,429.98
2022-03-02 05:00:00+00:00,437.89
2022-03-03 05:00:00+00:00,435.71
2022-03-04 05:00:00+00:00,432.17
2022-03-07 05:00:00+00:00,419.43
2022-03-08 05:00:00+00:00,416.25
2022-03-09 05:00:00+00:00,427.41
2022-03-10 05:00:00+00:00,425.48
2022-03-11 05:00:00+00:00,420.07
2022-03-14 04:00:00+00:00,417.0
2022-03-15 04:00:00+00:00,426.17
2022-03-16 04:00:00+00:00,435.62
2022-03-17 04:00:00+00:00,441.07
2022-03-18 04:00:00+00:00,444.52
2022-03-21 04:00:00+00:00,444.39
2022-03-22 04:00:00+00:00,449.59
2022-03-23 04:00:00+00:00,443.8
2022-03-24 04:00:00+00:00,450.49
2022-03-25 04:00:00+00:00,452.69
2022-03-28 04:00:00+00:00,455.84
2022-03-29 04:00:00+00:00,461.53
2022-03-30 04:00:00+00:00,458.79
2022-03-31 04:00:00+00:00,451.64
2022-04-01 04:00:00+00:00,452.92
2022-04-04 04:00:00+00:00,456.8
2022-04-05 04:00:00+00:00,451.03
2022-04-06 04:00:00+00:00,446.52
2022-04-07 04:00:00+00:00,448.77
2022-04-08 04:00:00+00:00,447.57
2022-04-11 04:00:00+00:00,439.92
2022-04-12 04:00:00+00:00,438.29
2022-04-13 04:00:00+00:00,443.31
2022-04-14 04:00:00+00:00,437.79
2022-04-18 04:00:00+00:00,437.97
2022-04-19 04:00:00+00:00,445.04
2022-04-20 04:00:00+00:00,444.71
2022-04-21 04:00:00+00:00,438.06
2022-04-22 04:00:00+00:00,426.04
2022-04-25 04:00:00+00:00,428.51
2022-04-26 04:00:00+00:00,416.1
2022-04-27 04:00:00+00:00,417.27
2022-04-28 04:00:00+00:00,427.81
2022-04-29 04:00:00+00:00,412.0
2022-05-02 04:00:00+00:00,414.48
2022-05-03 04:00:00+00:00,416.38
2022-05-04 04:00:00+00:00,429.06
2022-05-05 04:00:00+00:00,413.81
2022-05-06 04:00:00+00:00,411.34
2022-05-09 04:00:00+00:00,398.17
2022-05-10 04:00:00+00:00,399.09
2022-05-11 04:00:00+00:00,392.75
2022-05-12 04:00:00+00:00,392.34
2022-05-13 04:00:00+00:00,401.72
2022-05-16 04:00:00+00:00,400.09
2022-05-17 04:00:00+00:00,408.32
2022-05-18 04:00:00+00:00,391.86
2022-05-19 04:00:00+00:00,389.46
2022-05-20 04:00:00+00:00,389.63
2022-05-23 04:00:00+00:00,396.92
2022-05-24 04:00:00+00:00,393.89
2022-05-25 04:00:00+00:00,397.37
2022-05-26 04:00:00+00:00,405.31
2022-05-27 04:00:00+00:00,415.26
2022-05-31 04:00:00+00:00,412.93
2022-06-01 04:00:00+00:00,409.59
2022-06-02 04:00:00+00:00,417.34
2022-06-03 04:00:00+00:00,410.54
2022-06-06 04:00:00+00:00,411.79
2022-06-07 04:00:00+00:00,415.74
2022-06-08 04:00:00+00:00,411.22
2022-06-09 04:00:00+00:00,401.44
2022-06-10 04:00:00+00:00,389.8
2022-06-13 04:00:00+00:00,375.0
2022-06-14 04:00:00+00:00,373.87
2022-06-15 04:00:00+00:00,379.2
2022-06-16 04:00:00+00:00,366.65
2022-06-17 04:00:00+00:00,365.86
2022-06-21 04:00:00+00:00,375.07
2022-06-22 04:00:00+00:00,374.39
2022-06-23 04:00:00+00:00,378.06
2022-06-24 04:00:00+00:00,390.08
2022-06-27 04:00:00+00:00,388.59
2022-06-28 04:00:00+00:00,380.65
2022-06-29 04:00:00+00:00,380.34
2022-06-30 04:00:00+00:00,377.25
2022-07-01 04:00:00+00:00,381.24
2022-07-05 04:00:00+00:00,381.96
2022-07-06 04:00:00+00:00,383.25
2022-07-07 04:00:00+00:00,388.99
2022-07-08 04:00:00+00:00,388.67
2022-07-11 04:00:00+00:00,384.23
2022-07-12 04:00:00+00:00,380.83
2022-07-13 04:00:00+00:00,378.83
2022-07-14 04:00:00+00:00,377.91
2022-07-15 04:00:00+00:00,385.13
2022-07-18 04:00:00+00:00,381.95
2022-07-19 04:00:00+00:00,392.27
2022-07-20 04:00:00+00:00,394.77
2022-07-21 04:00:00+00:00,398.79
2022-07-22 04:00:00+00:00,395.09
2022-07-25 04:00:00+00:00,395.57
2022-07-26 04:00:00+00:00,390.89
2022-07-27 04:00:00+00:00,401.04
2022-07-28 04:00:00+00:00,406.04
2022-07-29 04:00:00+00:00,411.99
2022-08-01 04:00:00+00:00,410.77
2022-08-02 04:00:00+00:00,408.06
2022-08-03 04:00:00+00:00,414.45
2022-08-04 04:00:00+00:00,414.17
2022-08-05 04:00:00+00:00,413.47
2022-08-08 04:00:00+00:00,412.99
2022-08-09 04:00:00+00:00,411.35
2022-08-10 04:00:00+00:00,419.99
2022-08-11 04:00:00+00:00,419.99
2022-08-12 04:00:00+00:00,427.1
2022-08-15 04:00:00+00:00,428.86
2022-08-16 04:00:00+00:00,429.7
2022-08-17 04:00:00+00:00,426.65
2022-08-18 04:00:00+00:00,427.89
2022-08-19 04:00:00+00:00,422.14
2022-08-22 04:00:00+00:00,413.35
2022-08-23 04:00:00+00:00,412.35
2022-08-24 04:00:00+00:00,413.67
2022-08-25 04:00:00+00:00,419.51
2022-08-26 04:00:00+00:00,405.31
2022-08-29 04:00:00+00:00,402.63
2022-08-30 04:00:00+00:00,398.21
2022-08-31 04:00:00+00:00,395.18
2022-09-01 04:00:00+00:00,396.42
2022-09-02 04:00:00+00:00,392.24
2022-09-06 04:00:00+00:00,390.76
2022-09-07 04:00:00+00:00,397.78
2022-09-08 04:00:00+00:00,400.38
2022-09-09 04:00:00+00:00,406.6
2022-09-12 04:00:00+00:00,410.97
2022-09-13 04:00:00+00:00,393.1
2022-09-14 04:00:00+00:00,394.6
2022-09-15 04:00:00+00:00,390.12
2022-09-16 04:00:00+00:00,385.56
2022-09-19 04:00:00+00:00,388.55
2022-09-20 04:00:00+00:00,384.09
2022-09-21 04:00:00+00:00,377.39
2022-09-22 04:00:00+00:00,374.22
2022-09-23 04:00:00+00:00,367.95
2022-09-26 04:00:00+00:00,364.31
2022-09-27 04:00:00+00:00,363.38
2022-09-28 04:00:00+00:00,370.53
2022-09-29 04:00:00+00:00,362.79
2022-09-30 04:00:00+00:00,357.18
2022-10-03 04:00:00+00:00,366.61
2022-10-04 04:00:00+00:00,377.97
2022-10-05 04:00:00+00:00,377.09
2022-10-06 04:00:00+00:00,373.2
2022-10-07 04:00:00+00:00,362.79
2022-10-10 04:00:00+00:00,360.02
2022-10-11 04:00:00+00:00,357.74
2022-10-12 04:00:00+00:00,356.56
2022-10-13 04:00:00+00:00,365.97
2022-10-14 04:00:00+00:00,357.63
2022-10-17 04:00:00+00:00,366.82
2022-10-18 04:00:00+00:00,371.13
2022-10-19 04:00:00+00:00,368.5
2022-10-20 04:00:00+00:00,365.41
2022-10-21 04:00:00+00:00,374.29
2022-10-24 04:00:00+00:00,378.87
2022-10-25 04:00:00+00:00,384.92
2022-10-26 04:00:00+00:00,382.02
2022-10-27 04:00:00+00:00,379.98
2022-10-28 04:00:00+00:00,389.02
2022-10-31 04:00:00+00:00,386.21
2022-11-01 04:00:00+00:00,384.52
2022-11-02 04:00:00+00:00,374.87
2022-11-03 04:00:00+00:00,371.01
2022-11-04 04:00:00+00:00,376.35
2022-11-07 05:00:00+00:00,379.95
2022-11-08 05:00:00+00:00,382.0
2022-11-09 05:00:00+00:00,374.13
2022-11-10 05:00:00+00:00,394.69
2022-11-11 05:00:00+00:00,398.51
2022-11-14 05:00:00+00:00,395.12
2022-11-15 05:00:00+00:00,398.49
2022-11-16 05:00:00+00:00,395.45
2022-11-17 05:00:00+00:00,394.24
2022-11-18 05:00:00+00:00,396.03
2022-11-21 05:00:00+00:00,394.59
2022-11-22 05:00:00+00:00,399.9
2022-11-23 05:00:00+00:00,402.42
2022-11-25 05:00:00+00:00,402.33
2022-11-28 05:00:00+00:00,395.91
2022-11-29 05:00:00+00:00,395.23
2022-11-30 05:00:00+00:00,407.68
2022-12-01 05:00:00+00:00,407.38
2022-12-02 05:00:00+00:00,406.91
2022-12-05 05:00:00+00:00,399.59
2022-12-06 05:00:00+00:00,393.83
2022-12-07 05:00:00+00:00,393.16
2022-12-08 05:00:00+00:00,396.24
2022-12-09 05:00:00+00:00,393.28
2022-12-12 05:00:00+00:00,398.95
2022-12-13 05:00:00+00:00,401.97
2022-12-14 05:00:00+00:00,399.4
2022-12-15 05:00:00+00:00,389.63
2022-12-16 05:00:00+00:00,383.27
2022-12-19 05:00:00+00:00,380.02
2022-12-20 05:00:00+00:00,380.54
2022-12-21 05:00:00+00:00,386.23
2022-12-22 05:00:00+00:00,380.72
2022-12-23 05:00:00+00:00,382.91
2022-12-27 05:00:00+00:00,381.4
2022-12-28 05:00:00+00:00,376.66
2022-12-29 05:00:00+00:00,383.44
2022-12-30 05:00:00+00:00,382.43
2023-01-03 05:00:00+00:00,380.82
2023-01-04 05:00:00+00:00,383.76
2023-01-05 05:00:00+00:00,379.38
2023-01-06 05:00:00+00:00,388.08
2023-01-09 05:00:00+00:00,387.86
2023-01-10 05:00:00+00:00,390.58
2023-01-11 05:00:00+00:00,395.52
2023-01-12 05:00:00+00:00,396.96
2023-01-13 05:00:00+00:00,398.5
2023-01-17 05:00:00+00:00,397.77
2023-01-18 05:00:00+00:00,391.49
2023-01-19 05:00:00+00:00,388.64
2023-01-20 05:00:00+00:00,395.88
2023-01-23 05:00:00+00:00,400.63
2023-01-24 05:00:00+00:00,400.2
2023-01-25 05:00:00+00:00,400.35
2023-01-26 05:00:00+00:00,404.75
2023-01-27 05:00:00+00:00,405.68
2023-01-30 05:00:00+00:00,400.59
2023-01-31 05:00:00+00:00,406.48
2023-02-01 05:00:00+00:00,410.8
2023-02-02 05:00:00+00:00,416.78
2023-02-03 05:00:00+00:00,412.35
2023-02-06 05:00:00+00:00,409.83
2023-02-07 05:00:00+00:00,415.19
2023-02-08 05:00:00+00:00,410.65
2023-02-09 05:00:00+00:00,407.09
2023-02-10 05:00:00+00:00,408.04
2023-02-13 05:00:00+00:00,412.83
2023-02-14 05:00:00+00:00,412.64
2023-02-15 05:00:00+00:00,413.98
2023-02-16 05:00:00+00:00,408.28
2023-02-17 05:00:00+00:00,407.26
2023-02-21 05:00:00+00:00,399.09
2023-02-22 05:00:00+00:00,398.54
2023-02-23 05:00:00+00:00,400.66
2023-02-24 05:00:00+00:00,396.38
2023-02-27 05:00:00+00:00,397.73
2023-02-28 05:00:00+00:00,396.26
2023-03-01 05:00:00+00:00,394.74
2023-03-02 05:00:00+00:00,397.81
2023-03-03 05:00:00+00:00,404.19
2023-03-06 05:00:00+00:00,404.47
2023-03-07 05:00:00+00:00,398.27
2023-03-08 05:00:00+00:00,398.92
2023-03-09 05:00:00+00:00,391.56
2023-03-10 05:00:00+00:00,385.91
2023-03-13 04:00:00+00:00,385.36
2023-03-14 04:00:00+00:00,391.73
2023-03-15 04:00:00+00:00,389.28
2023-03-16 04:00:00+00:00,396.11
2023-03-17 04:00:00+00:00,389.99
2023-03-20 04:00:00+00:00,393.74
2023-03-21 04:00:00+00:00,398.91
2023-03-22 04:00:00+00:00,392.11
2023-03-23 04:00:00+00:00,393.17
2023-03-24 04:00:00+00:00,395.75
2023-03-27 04:00:00+00:00,396.49
2023-03-28 04:00:00+00:00,395.6
2023-03-29 04:00:00+00:00,401.35
2023-03-30 04:00:00+00:00,403.7
2023-03-31 04:00:00+00:00,409.39
2023-04-03 04:00:00+00:00,410.95
2023-04-04 04:00:00+00:00,408.67
2023-04-05 04:00:00+00:00,407.6
2023-04-06 04:00:00+00:00,409.19
2023-04-10 04:00:00+00:00,409.61
2023-04-11 04:00:00+00:00,409.72
2023-04-12 04:00:00+00:00,408.05
2023-04-13 04:00:00+00:00,413.47
2023-04-14 04:00:00+00:00,412.46
2023-04-17 04:00:00+00:00,413.94
2023-04-18 04:00:00+00:00,414.21
2023-04-19 04:00:00+00:00,414.14
2023-04-20 04:00:00+00:00,411.88
2023-04-21 04:00:00+00:00,412.2
2023-04-24 04:00:00+00:00,412.63
2023-04-25 04:00:00+00:00,406.08
2023-04-26 04:00:00+00:00,404.36
2023-04-27 04:00:00+00:00,412.41
2023-04-28 04:00:00+00:00,415.93
2023-05-01 04:00:00+00:00,415.51
2023-05-02 04:00:00+00:00,410.84
2023-05-03 04:00:00+00:00,408.02
2023-05-04 04:00:00+00:00,405.13
2023-05-05 04:00:00+00:00,412.63
2023-05-08 04:00:00+00:00,412.74
2023-05-09 04:00:00+00:00,410.93
2023-05-10 04:00:00+00:00,412.85
2023-05-11 04:00:00+00:00,412.13
2023-05-12 04:00:00+00:00,411.59
2023-05-15 04:00:00+00:00,413.01
2023-05-16 04:00:00+00:00,410.25
2023-05-17 04:00:00+00:00,415.23
2023-05-18 04:00:00+00:00,419.23
2023-05-19 04:00:00+00:00,418.62
2023-05-22 04:00:00+00:00,418.79
2023-05-23 04:00:00+00:00,414.09
2023-05-24 04:00:00+00:00,411.09
2023-05-25 04:00:00+00:00,414.65
2023-05-26 04:00:00+00:00,420.02
2023-05-30 04:00:00+00:00,420.18
2023-05-31 04:00:00+00:00,417.85
2023-06-01 04:00:00+00:00,421.82
2023-06-02 04:00:00+00:00,427.92
2023-06-05 04:00:00+00:00,427.1
2023-06-06 04:00:00+00:00,428.03
2023-06-07 04:00:00+00:00,426.55
2023-06-08 04:00:00+00:00,429.13
2023-06-09 04:00:00+00:00,429.9
2023-06-12 04:00:00+00:00,433.8
2023-06-13 04:00:00+00:00,436.66
2023-06-14 04:00:00+00:00,437.18
2023-06-15 04:00:00+00:00,442.6
2023-06-16 04:00:00+00:00,439.46
2023-06-20 04:00:00+00:00,437.18
2023-06-21 04:00:00+00:00,434.94
2023-06-22 04:00:00+00:00,436.51
2023-06-23 04:00:00+00:00,433.21
2023-06-26 04:00:00+00:00,431.44
2023-06-27 04:00:00+00:00,436.17
2023-06-28 04:00:00+00:00,436.39
2023-06-29 04:00:00+00:00,438.11
2023-06-30 04:00:00+00:00,443.28
2023-07-03 04:00:00+00:00,443.79
2023-07-05 04:00:00+00:00,443.13
2023-07-06 04:00:00+00:00,439.66
2023-07-07 04:00:00+00:00,438.55
2023-07-10 04:00:00+00:00,439.66
2023-07-11 04:00:00+00:00,442.46
2023-07-12 04:00:00+00:00,446.02
2023-07-13 04:00:00+00:00,449.56
2023-07-14 04:00:00+00:00,449.28
2023-07-17 04:00:00+00:00,450.84
2023-07-18 04:00:00+00:00,454.19
2023-07-19 04:00:00+00:00,455.2
2023-07-20 04:00:00+00:00,452.18
2023-07-21 04:00:00+00:00,452.18
2023-07-24 04:00:00+00:00,454.2
2023-07-25 04:00:00+00:00,455.44
2023-07-26 04:00:00+00:00,455.51
2023-07-27 04:00:00+00:00,452.49
2023-07-28 04:00:00+00:00,456.92
2023-07-31 04:00:00+00:00,457.79
2023-08-01 04:00:00+00:00,456.48
2023-08-02 04:00:00+00:00,450.13
2023-08-03 04:00:00+00:00,448.84
2023-08-04 04:00:00+00:00,446.81
2023-08-07 04:00:00+00:00,450.71
2023-08-08 04:00:00+00:00,448.75
2023-08-09 04:00:00+00:00,445.75
2023-08-10 04:00:00+00:00,445.91
2023-08-11 04:00:00+00:00,445.65
2023-08-14 04:00:00+00:00,448.11
2023-08-15 04:00:00+00:00,442.89
2023-08-16 04:00:00+00:00,439.64
2023-08-17 04:00:00+00:00,436.29
2023-08-18 04:00:00+00:00,436.5
2023-08-21 04:00:00+00:00,439.34
2023-08-22 04:00:00+00:00,438.15
2023-08-23 04:00:00+00:00,443.03
2023-08-24 04:00:00+00:00,436.89
2023-08-25 04:00:00+00:00,439.97
2023-08-28 04:00:00+00:00,442.76
2023-08-29 04:00:00+00:00,449.16
2023-08-30 04:00:00+00:00,451.01
2023-08-31 04:00:00+00:00,450.35
2023-09-01 04:00:00+00:00,451.19
2023-09-05 04:00:00+00:00,449.24
2023-09-06 04:00:00+00:00,446.22
2023-09-07 04:00:00+00:00,444.85
2023-09-08 04:00:00+00:00,445.52
2023-09-11 04:00:00+00:00,448.45
2023-09-12 04:00:00+00:00,445.99
2023-09-13 04:00:00+00:00,446.51
2023-09-14 04:00:00+00:00,450.36
2023-09-15 04:00:00+00:00,443.37
2023-09-18 04:00:00+00:00,443.63
2023-09-19 04:00:00+00:00,442.71
2023-09-20 04:00:00+00:00,438.64
2023-09-21 04:00:00+00:00,431.39
2023-09-22 04:00:00+00:00,430.42
2023-09-25 04:00:00+00:00,432.23
2023-09-26 04:00:00+00:00,425.88
2023-09-27 04:00:00+00:00,426.05
2023-09-28 04:00:00+00:00,428.52
2023-09-29 04:00:00+00:00,427.48
2023-10-02 04:00:00+00:00,427.31
2023-10-03 04:00:00+00:00,421.59
2023-10-04 04:00:00+00:00,424.66
2023-10-05 04:00:00+00:00,424.5
2023-10-06 04:00:00+00:00,429.54
2023-10-09 04:00:00+00:00,432.29
2023-10-10 04:00:00+00:00,434.54
2023-10-11 04:00:00+00:00,436.32
2023-10-12 04:00:00+00:00,433.66
2023-10-13 04:00:00+00:00,431.5
2023-10-16 04:00:00+00:00,436.04
2023-10-17 04:00:00+00:00,436.02
2023-10-18 04:00:00+00:00,430.21
2023-10-19 04:00:00+00:00,426.43
2023-10-20 04:00:00+00:00,421.19
2023-10-23 04:00:00+00:00,420.46
2023-10-24 04:00:00+00:00,423.63
2023-10-25 04:00:00+00:00,417.55
2023-10-26 04:00:00+00:00,412.55
2023-10-27 04:00:00+00:00,410.68
2023-10-30 04:00:00+00:00,415.59
2023-10-31 04:00:00+00:00,418.2
2023-11-01 04:00:00+00:00,422.66
2023-11-02 04:00:00+00:00,430.76
2023-11-03 04:00:00+00:00,434.69
2023-11-06 05:00:00+00:00,435.69
2023-11-07 05:00:00+00:00,436.93
2023-11-08 05:00:00+00:00,437.25
2023-11-09 05:00:00+00:00,433.84
2023-11-10 05:00:00+00:00,440.61
2023-11-13 05:00:00+00:00,440.19
2023-11-14 05:00:00+00:00,448.73
2023-11-15 05:00:00+00:00,449.68
2023-11-16 05:00:00+00:00,450.23
2023-11-17 05:00:00+00:00,450.79
2023-11-20 05:00:00+00:00,454.26
2023-11-21 05:00:00+00:00,453.27
2023-11-22 05:00:00+00:00,455.02
2023-11-24 05:00:00+00:00,455.3
2023-11-27 05:00:00+00:00,454.48
2023-11-28 05:00:00+00:00,454.93
2023-11-29 05:00:00+00:00,454.61
2023-11-30 05:00:00+00:00,456.4
2023-12-01 05:00:00+00:00,459.1
2023-12-04 05:00:00+00:00,456.69
2023-12-05 05:00:00+00:00,456.6
2023-12-06 05:00:00+00:00,454.76
2023-12-07 05:00:00+00:00,458.23
2023-12-08 05:00:00+00:00,460.2
2023-12-11 05:00:00+00:00,461.99
2023-12-12 05:00:00+00:00,464.1
2023-12-13 05:00:00+00:00,470.5
2023-12-14 05:00:00+00:00,472.01
2023-12-15 05:00:00+00:00,469.33
2023-12-18 05:00:00+00:00,471.97
2023-12-19 05:00:00+00:00,474.84
2023-12-20 05:00:00+00:00,468.26
2023-12-21 05:00:00+00:00,472.7
2023-12-22 05:00:00+00:00,473.65
2023-12-26 05:00:00+00:00,475.65
2023-12-27 05:00:00+00:00,476.51
2023-12-28 05:00:00+00:00,476.69
2023-12-29 05:00:00+00:00,475.31
2024-01-02 05:00:00+00:00,472.65
2024-01-03 05:00:00+00:00,468.79
2024-01-04 05:00:00+00:00,467.28
2024-01-05 05:00:00+00:00,467.92
2024-01-08 05:00:00+00:00,474.6
2024-01-09 05:00:00+00:00,473.88
2024-01-10 05:00:00+00:00,476.56
2024-01-11 05:00:00+00:00,476.35
2024-01-12 05:00:00+00:00,476.68
2024-01-16 05:00:00+00:00,474.93
2024-01-17 05:00:00+00:00,472.29
2024-01-18 05:00:00+00:00,476.49
2024-01-19 05:00:00+00:00,482.43
2024-01-22 05:00:00+00:00,483.45
2024-01-23 05:00:00+00:00,484.86
2024-01-24 05:00:00+00:00,485.39
2024-01-25 05:00:00+00:00,488.03
2024-01-26 05:00:00+00:00,487.41
2024-01-29 05:00:00+00:00,491.27
2024-01-30 05:00:00+00:00,490.89
2024-01-31 05:00:00+00:00,482.88
2024-02-01 05:00:00+00:00,489.2
2024-02-02 05:00:00+00:00,494.35
2024-02-05 05:00:00+00:00,492.55
2024-02-06 05:00:00+00:00,493.98
2024-02-07 05:00:00+00:00,498.1
2024-02-08 05:00:00+00:00,498.32
2024-02-09 05:00:00+00:00,501.2
2024-02-12 05:00:00+00:00,500.98
2024-02-13 05:00:00+00:00,494.08
2024-02-14 05:00:00+00:00,498.57
2024-02-15 05:00:00+00:00,502.01
2024-02-16 05:00:00+00:00,499.51
2024-02-20 05:00:00+00:00,496.76
2024-02-21 05:00:00+00:00,497.21
2024-02-22 05:00:00+00:00,507.5
2024-02-23 05:00:00+00:00,507.85
2024-02-26 05:00:00+00:00,505.99
2024-02-27 05:00:00+00:00,506.93
2024-02-28 05:00:00+00:00,506.26
2024-02-29 05:00:00+00:00,508.08
2024-03-01 05:00:00+00:00,512.85
2024-03-04 05:00:00+00:00,512.3
2024-03-05 05:00:00+00:00,507.18
2024-03-06 05:00:00+00:00,509.75
2024-03-07 05:00:00+00:00,514.81
2024-03-08 05:00:00+00:00,511.72
2024-03-11 04:00:00+00:00,511.28
2024-03-12 04:00:00+00:00,516.78
2024-03-13 04:00:00+00:00,515.97
2024-03-14 04:00:00+00:00,514.95
2024-03-15 04:00:00+00:00,509.83
2024-03-18 04:00:00+00:00,512.86
2024-03-19 04:00:00+00:00,515.71
2024-03-20 04:00:00+00:00,520.48
2024-03-21 04:00:00+00:00,522.2
2024-03-22 04:00:00+00:00,521.21
2024-03-25 04:00:00+00:00,519.77
2024-03-26 04:00:00+00:00,518.81
2024-03-27 04:00:00+00:00,523.17
2024-03-28 04:00:00+00:00,523.07
2024-04-01 04:00:00+00:00,522.16
2024-04-02 04:00:00+00:00,518.84
2024-04-03 04:00:00+00:00,519.41
2024-04-04 04:00:00+00:00,513.07
2024-04-05 04:00:00+00:00,518.43
2024-04-08 04:00:00+00:00,518.72
2024-04-09 04:00:00+00:00,519.32
2024-04-10 04:00:00+00:00,514.12
2024-04-11 04:00:00+00:00,518.0
2024-04-12 04:00:00+00:00,510.85
2024-04-15 04:00:00+00:00,504.45
2024-04-16 04:00:00+00:00,503.53
2024-04-17 04:00:00+00:00,500.55
2024-04-18 04:00:00+00:00,499.52
2024-04-19 04:00:00+00:00,495.16
2024-04-22 04:00:00+00:00,499.72
2024-04-23 04:00:00+00:00,505.65
2024-04-24 04:00:00+00:00,505.41
2024-04-25 04:00:00+00:00,503.49
2024-04-26 04:00:00+00:00,508.26
2024-04-29 04:00:00+00:00,510.06
2024-04-30 04:00:00+00:00,501.98
2024-05-01 04:00:00+00:00,500.35
2024-05-02 04:00:00+00:00,505.03
2024-05-03 04:00:00+00:00,511.29
2024-05-06 04:00:00+00:00,516.57
2024-05-07 04:00:00+00:00,517.14
2024-05-08 04:00:00+00:00,517.19
2024-05-09 04:00:00+00:00,520.17
2024-05-10 04:00:00+00:00,520.84
2024-05-13 04:00:00+00:00,520.91
2024-05-14 04:00:00+00:00,523.3
2024-05-15 04:00:00+00:00,529.78
2024-05-16 04:00:00+00:00,528.69
2024-05-17 04:00:00+00:00,529.45
2024-05-20 04:00:00+00:00,530.06
2024-05-21 04:00:00+00:00,531.36
2024-05-22 04:00:00+00:00,529.83
2024-05-23 04:00:00+00:00,525.96
2024-05-24 04:00:00+00:00,529.44
2024-05-28 04:00:00+00:00,529.81
2024-05-29 04:00:00+00:00,526.1
2024-05-30 04:00:00+00:00,522.61
2024-05-31 04:00:00+00:00,527.37
2024-06-03 04:00:00+00:00,527.8
2024-06-04 04:00:00+00:00,528.39
2024-06-05 04:00:00+00:00,534.67
2024-06-06 04:00:00+00:00,534.66
2024-06-07 04:00:00+00:00,534.01
2024-06-10 04:00:00+00:00,535.66
2024-06-11 04:00:00+00:00,536.95
2024-06-12 04:00:00+00:00,541.36
2024-06-13 04:00:00+00:00,542.45
2024-06-14 04:00:00+00:00,542.78
2024-06-17 04:00:00+00:00,547.1
2024-06-18 04:00:00+00:00,548.49
2024-06-20 04:00:00+00:00,547.0
2024-06-21 04:00:00+00:00,544.51
2024-06-24 04:00:00+00:00,542.74
2024-06-25 04:00:00+00:00,544.83
2024-06-26 04:00:00+00:00,545.51
2024-06-27 04:00:00+00:00,546.37
2024-06-28 04:00:00+00:00,544.22
2024-07-01 04:00:00+00:00,545.34
2024-07-02 04:00:00+00:00,549.01
2024-07-03 04:00:00+00:00,551.46
2024-07-05 04:00:00+00:00,554.64
2024-07-08 04:00:00+00:00,555.28
2024-07-09 04:00:00+00:00,555.82
2024-07-10 04:00:00+00:00,561.32
2024-07-11 04:00:00+00:00,556.48
2024-07-12 04:00:00+00:00,559.99
2024-07-15 04:00:00+00:00,561.53
2024-07-16 04:00:00+00:00,564.86
2024-07-17 04:00:00+00:00,556.94
2024-07-18 04:00:00+00:00,552.66
2024-07-19 04:00:00+00:00,548.99
2024-07-22 04:00:00+00:00,554.65
2024-07-23 04:00:00+00:00,553.78
2024-07-24 04:00:00+00:00,541.23
2024-07-25 04:00:00+00:00,538.41
2024-07-26 04:00:00+00:00,544.44
2024-07-29 04:00:00+00:00,544.76
2024-07-30 04:00:00+00:00,542.0
2024-07-31 04:00:00+00:00,550.81
2024-08-01 04:00:00+00:00,543.01
2024-08-02 04:00:00+00:00,532.9
2024-08-05 04:00:00+00:00,517.38
2024-08-06 04:00:00+00:00,522.15
2024-08-07 04:00:00+00:00,518.66
2024-08-08 04:00:00+00:00,530.65
2024-08-09 04:00:00+00:00,532.99
2024-08-12 04:00:00+00:00,533.27
2024-08-13 04:00:00+00:00,542.04
2024-08-14 04:00:00+00:00,543.75
2024-08-15 04:00:00+00:00,553.07
2024-08-16 04:00:00+00:00,554.31
2024-08-19 04:00:00+00:00,559.61
2024-08-20 04:00:00+00:00,558.7
2024-08-21 04:00:00+00:00,560.62
2024-08-22 04:00:00+00:00,556.22
2024-08-23 04:00:00+00:00,562.13
2024-08-26 04:00:00+00:00,560.79
2024-08-27 04:00:00+00:00,561.56
2024-08-28 04:00:00+00:00,558.3
2024-08-29 04:00:00+00:00,558.35
2024-08-30 04:00:00+00:00,563.68
2024-09-03 04:00:00+00:00,552.08
2024-09-04 04:00:00+00:00,550.95
2024-09-05 04:00:00+00:00,549.61
2024-09-06 04:00:00+00:00,540.36
2024-09-09 04:00:00+00:00,546.41
2024-09-10 04:00:00+00:00,548.79
2024-09-11 04:00:00+00:00,554.42
2024-09-12 04:00:00+00:00,559.09
2024-09-13 04:00:00+00:00,562.01
2024-09-16 04:00:00+00:00,562.84
2024-09-17 04:00:00+00:00,563.07
2024-09-18 04:00:00+00:00,561.4
2024-09-19 04:00:00+00:00,570.98
2024-09-20 04:00:00+00:00,568.25
2024-09-23 04:00:00+00:00,569.67
2024-09-24 04:00:00+00:00,571.3
2024-09-25 04:00:00+00:00,570.04
2024-09-26 04:00:00+00:00,572.3
2024-09-27 04:00:00+00:00,571.47
2024-09-30 04:00:00+00:00,573.76
2024-10-01 04:00:00+00:00,568.62
2024-10-02 04:00:00+00:00,568.86
2024-10-03 04:00:00+00:00,567.82
2024-10-04 04:00:00+00:00,572.98
2024-10-07 04:00:00+00:00,567.8
2024-10-08 04:00:00+00:00,573.17
2024-10-09 04:00:00+00:00,577.14
2024-10-10 04:00:00+00:00,576.13
2024-10-11 04:00:00+00:00,579.58
2024-10-14 04:00:00+00:00,584.32
2024-10-15 04:00:00+00:00,579.78
2024-10-16 04:00:00+00:00,582.3
2024-10-17 04:00:00+00:00,582.35
2024-10-18 04:00:00+00:00,584.59
2024-10-21 04:00:00+00:00,583.63
2024-10-22 04:00:00+00:00,583.32
2024-10-23 04:00:00+00:00,577.99
2024-10-24 04:00:00+00:00,579.24
2024-10-25 04:00:00+00:00,579.04
2024-10-28 04:00:00+00:00,580.83
2024-10-29 04:00:00+00:00,581.77
2024-10-30 04:00:00+00:00,580.01
2024-10-31 04:00:00+00:00,568.64
2024-11-01 04:00:00+00:00,571.04
2024-11-04 05:00:00+00:00,569.81
2024-11-05 05:00:00+00:00,576.7
2024-11-06 05:00:00+00:00,591.04
2024-11-07 05:00:00+00:00,595.61
2024-11-08 05:00:00+00:00,598.19
2024-11-11 05:00:00+00:00,598.76
2024-11-12 05:00:00+00:00,596.9
2024-11-13 05:00:00+00:00,597.19
2024-11-14 05:00:00+00:00,593.35
2024-11-15 05:00:00+00:00,585.75
2024-11-18 05:00:00+00:00,588.15
2024-11-19 05:00:00+00:00,590.3
2024-11-20 05:00:00+00:00,590.5
2024-11-21 05:00:00+00:00,593.67
2024-11-22 05:00:00+00:00,595.51
2024-11-25 05:00:00+00:00,597.53
2024-11-26 05:00:00+00:00,600.65
2024-11-27 05:00:00+00:00,598.83
2024-11-29 05:00:00+00:00,602.55
2024-12-02 05:00:00+00:00,603.63
2024-12-03 05:00:00+00:00,603.91
2024-12-04 05:00:00+00:00,607.66
2024-12-05 05:00:00+00:00,606.66
2024-12-06 05:00:00+00:00,607.81
2024-12-09 05:00:00+00:00,604.68
2024-12-10 05:00:00+00:00,602.8
2024-12-11 05:00:00+00:00,607.46
2024-12-12 05:00:00+00:00,604.33
2024-12-13 05:00:00+00:00,604.21
2024-12-16 05:00:00+00:00,606.79
2024-12-17 05:00:00+00:00,604.29
2024-12-18 05:00:00+00:00,586.28
2024-12-19 05:00:00+00:00,586.1
2024-12-20 05:00:00+00:00,591.15
2024-12-23 05:00:00+00:00,594.69
2024-12-24 05:00:00+00:00,601.3
2024-12-26 05:00:00+00:00,601.34
2024-12-27 05:00:00+00:00,595.01
2024-12-30 05:00:00+00:00,588.22
2024-12-31 05:00:00+00:00,586.08
2025-01-02 05:00:00+00:00,584.64
2025-01-03 05:00:00+00:00,591.95
2025-01-06 05:00:00+00:00,595.36
2025-01-07 05:00:00+00:00,588.63
2025-01-08 05:00:00+00:00,589.49
2025-01-10 05:00:00+00:00,580.49
2025-01-13 05:00:00+00:00,581.39
2025-01-14 05:00:00+00:00,582.19
2025-01-15 05:00:00+00:00,592.78
2025-01-16 05:00:00+00:00,591.64
2025-01-17 05:00:00+00:00,597.58
2025-01-21 05:00:00+00:00,603.05
2025-01-22 05:00:00+00:00,606.44
2025-01-23 05:00:00+00:00,609.75
2025-01-24 05:00:00+00:00,607.97
2025-01-27 05:00:00+00:00,599.37
2025-01-28 05:00:00+00:00,604.52
2025-01-29 05:00:00+00:00,601.81
2025-01-30 05:00:00+00:00,605.04
2025-01-31 05:00:00+00:00,601.82
2025-02-03 05:00:00+00:00,597.77
2025-02-04 05:00:00+00:00,601.78
2025-02-05 05:00:00+00:00,604.22
2025-02-06 05:00:00+00:00,606.32
2025-02-07 05:00:00+00:00,600.77
2025-02-10 05:00:00+00:00,604.85
2025-02-11 05:00:00+00:00,605.31
2025-02-12 05:00:00+00:00,603.36
2025-02-13 05:00:00+00:00,609.73
2025-02-14 05:00:00+00:00,609.7
2025-02-18 05:00:00+00:00,611.49
2025-02-19 05:00:00+00:00,612.93
2025-02-20 05:00:00+00:00,610.38
2025-02-21 05:00:00+00:00,599.94
2025-02-24 05:00:00+00:00,597.21
2025-02-25 05:00:00+00:00,594.24
2025-02-26 05:00:00+00:00,594.54
2025-02-27 05:00:00+00:00,585.05
2025-02-28 05:00:00+00:00,594.18
2025-03-03 05:00:00+00:00,583.77
2025-03-04 05:00:00+00:00,576.86
2025-03-05 05:00:00+00:00,583.06
2025-03-06 05:00:00+00:00,572.71
2025-03-07 05:00:00+00:00,575.92
2025-03-10 04:00:00+00:00,560.58
2025-03-11 04:00:00+00:00,555.92
2025-03-12 04:00:00+00:00,558.87
2025-03-13 04:00:00+00:00,551.42
2025-03-14 04:00:00+00:00,562.81
2025-03-17 04:00:00+00:00,567.15
2025-03-18 04:00:00+00:00,561.02
2025-03-19 04:00:00+00:00,567.13
2025-03-20 04:00:00+00:00,565.49
2025-03-21 04:00:00+00:00,563.98
2025-03-24 04:00:00+00:00,574.08
2025-03-25 04:00:00+00:00,575.46
2025-03-26 04:00:00+00:00,568.59
2025-03-27 04:00:00+00:00,567.08
2025-03-28 04:00:00+00:00,555.66
2025-03-31 04:00:00+00:00,559.39
2025-04-01 04:00:00+00:00,560.97
2025-04-02 04:00:00+00:00,564.52
2025-04-03 04:00:00+00:00,536.7
2025-04-04 04:00:00+00:00,505.28
2025-04-07 04:00:00+00:00,504.38
2025-04-08 04:00:00+00:00,496.48
2025-04-09 04:00:00+00:00,548.62
2025-04-10 04:00:00+00:00,524.58
2025-04-11 04:00:00+00:00,533.94
2025-04-14 04:00:00+00:00,539.12
2025-04-15 04:00:00+00:00,537.61
2025-04-16 04:00:00+00:00,525.66
2025-04-17 04:00:00+00:00,526.41
2025-04-21 04:00:00+00:00,513.88
2025-04-22 04:00:00+00:00,527.25
2025-04-23 04:00:00+00:00,535.42
2025-04-24 04:00:00+00:00,546.69
2025-04-25 04:00:00+00:00,550.64
2025-04-28 04:00:00+00:00,550.85
2025-04-29 04:00:00+00:00,554.32
2025-04-30 04:00:00+00:00,554.54
2025-05-01 04:00:00+00:00,558.47
2025-05-02 04:00:00+00:00,566.76
2025-05-05 04:00:00+00:00,563.51
2025-05-06 04:00:00+00:00,558.8
2025-05-07 04:00:00+00:00,561.15
2025-05-08 04:00:00+00:00,565.06
2025-05-09 04:00:00+00:00,564.34
2025-05-12 04:00:00+00:00,582.99
2025-05-13 04:00:00+00:00,586.84
2025-05-14 04:00:00+00:00,587.59
2025-05-15 04:00:00+00:00,590.46
2025-05-16 04:00:00+00:00,594.2
2025-05-19 04:00:00+00:00,594.85
2025-05-20 04:00:00+00:00,592.85
2025-05-21 04:00:00+00:00,582.86
2025-05-22 04:00:00+00:00,583.09
2025-05-23 04:00:00+00:00,579.11
2025-05-27 04:00:00+00:00,591.15
2025-05-28 04:00:00+00:00,587.73
2025-05-29 04:00:00+00:00,590.05
2025-05-30 04:00:00+00:00,589.39
2025-06-02 04:00:00+00:00,592.71
2025-06-03 04:00:00+00:00,596.09
2025-06-04 04:00:00+00:00,595.93
2025-06-05 04:00:00+00:00,593.05
2025-06-06 04:00:00+00:00,599.14
2025-06-09 04:00:00+00:00,599.68
2025-06-10 04:00:00+00:00,603.08
2025-06-11 04:00:00+00:00,601.36
2025-06-12 04:00:00+00:00,603.75
2025-06-13 04:00:00+00:00,597.0
2025-06-16 04:00:00+00:00,602.68
2025-06-17 04:00:00+00:00,597.53
2025-06-18 04:00:00+00:00,597.44
2025-06-20 04:00:00+00:00,594.28
2025-06-23 04:00:00+00:00,600.15
2025-06-24 04:00:00+00:00,606.78
2025-06-25 04:00:00+00:00,607.12
2025-06-26 04:00:00+00:00,611.87
2025-06-27 04:00:00+00:00,614.91
2025-06-30 04:00:00+00:00,617.85
2025-07-01 04:00:00+00:00,617.65
2025-07-02 04:00:00+00:00,620.45
2025-07-03 04:00:00+00:00,625.34
2025-07-07 04:00:00+00:00,620.68
2025-07-08 04:00:00+00:00,620.34
2025-07-09 04:00:00+00:00,624.06
2025-07-10 04:00:00+00:00,625.82
2025-07-11 04:00:00+00:00,623.62
2025-07-14 04:00:00+00:00,624.81
2025-07-15 04:00:00+00:00,622.14
2025-07-16 04:00:00+00:00,624.22
2025-07-17 04:00:00+00:00,628.04
2025-07-18 04:00:00+00:00,627.58
2025-07-21 04:00:00+00:00,628.77
2025-07-22 04:00:00+00:00,628.86
2025-07-23 04:00:00+00:00,634.21
2025-07-24 04:00:00+00:00,634.42
2025-07-25 04:00:00+00:00,637.1
2025-07-28 04:00:00+00:00,636.94
2025-07-29 04:00:00+00:00,635.26
2025-07-30 04:00:00+00:00,634.46
2025-07-31 04:00:00+00:00,632.08
2025-08-01 04:00:00+00:00,621.72
2025-08-04 04:00:00+00:00,631.17
2025-08-05 04:00:00+00:00,627.97
2025-08-06 04:00:00+00:00,632.78
2025-08-07 04:00:00+00:00,632.25
2025-08-08 04:00:00+00:00,637.18
2025-08-11 04:00:00+00:00,635.92
2025-08-12 04:00:00+00:00,642.69
2025-08-13 04:00:00+00:00,644.89
2025-08-14 04:00:00+00:00,644.95
2025-08-15 04:00:00+00:00,643.44
2025-08-18 04:00:00+00:00,643.3
2025-08-19 04:00:00+00:00,639.81
2025-08-20 04:00:00+00:00,638.11
2025-08-21 04:00:00+00:00,635.55
2025-08-22 04:00:00+00:00,645.31
2025-08-25 04:00:00+00:00,642.47
2025-08-26 04:00:00+00:00,645.16
2025-08-27 04:00:00+00:00,646.63
2025-08-28 04:00:00+00:00,648.92
2025-08-29 04:00:00+00:00,645.05
2025-09-02 04:00:00+00:00,640.27
2025-09-03 04:00:00+00:00,643.74
2025-09-04 04:00:00+00:00,649.12
2025-09-05 04:00:00+00:00,647.24
2025-09-08 04:00:00+00:00,648.83
2025-09-09 04:00:00+00:00,650.33
2025-09-10 04:00:00+00:00,652.21
2025-09-11 04:00:00+00:00,657.63
2025-09-12 04:00:00+00:00,657.41
2025-09-15 04:00:00+00:00,660.91
2025-09-16 04:00:00+00:00,660.0
2025-09-17 04:00:00+00:00,659.18
2025-09-18 04:00:00+00:00,662.26
2025-09-19 04:00:00+00:00,663.7
2025-09-22 04:00:00+00:00,666.84
2025-09-23 04:00:00+00:00,663.21
2025-09-24 04:00:00+00:00,661.1
2025-09-25 04:00:00+00:00,658.05
2025-09-26 04:00:00+00:00,661.82
2025-09-29 04:00:00+00:00,663.68
2025-09-30 04:00:00+00:00,666.18
2025-10-01 04:00:00+00:00,668.45
2025-10-02 04:00:00+00:00,669.22
2025-10-03 04:00:00+00:00,669.21
2025-10-06 04:00:00+00:00,671.61
2025-10-07 04:00:00+00:00,669.12
2025-10-08 04:00:00+00:00,673.11
2025-10-09 04:00:00+00:00,671.16
2025-10-10 04:00:00+00:00,653.02
2025-10-13 04:00:00+00:00,663.04
2025-10-14 04:00:00+00:00,662.23
2025-10-15 04:00:00+00:00,665.17
2025-10-16 04:00:00+00:00,660.64
2025-10-17 04:00:00+00:00,664.39
2025-10-20 04:00:00+00:00,671.3
2025-10-21 04:00:00+00:00,671.29
2025-10-22 04:00:00+00:00,667.8
2025-10-23 04:00:00+00:00,671.76
2025-10-24 04:00:00+00:00,677.25
2025-10-27 04:00:00+00:00,685.24
2025-10-28 04:00:00+00:00,687.06
2025-10-29 04:00:00+00:00,687.39
2025-10-30 04:00:00+00:00,679.83
2025-10-31 04:00:00+00:00,682.06
2025-11-03 05:00:00+00:00,683.34
2025-11-04 05:00:00+00:00,675.24
2025-11-05 05:00:00+00:00,677.58
2025-11-06 05:00:00+00:00,670.31
2025-11-07 05:00:00+00:00,670.97
2025-11-10 05:00:00+00:00,681.44
2025-11-11 05:00:00+00:00,683.0
2025-11-12 05:00:00+00:00,683.38
2025-11-13 05:00:00+00:00,672.04
2025-11-14 05:00:00+00:00,671.93
2025-11-17 05:00:00+00:00,665.67
2025-11-18 05:00:00+00:00,660.08
2025-11-19 05:00:00+00:00,662.63
2025-11-20 05:00:00+00:00,652.53
2025-11-21 05:00:00+00:00,659.03
2025-11-24 05:00:00+00:00,668.73
2025-11-25 05:00:00+00:00,675.02
2025-11-26 05:00:00+00:00,679.68
2025-11-28 05:00:00+00:00,683.39
2025-12-01 05:00:00+00:00,680.27
2025-12-02 05:00:00+00:00,681.53
2025-12-03 05:00:00+00:00,683.89
2025-12-04 05:00:00+00:00,684.39
2025-12-05 05:00:00+00:00,685.69
2025-12-08 05:00:00+00:00,683.63
2025-12-09 05:00:00+00:00,683.04
2025-12-10 05:00:00+00:00,687.57
2025-12-11 05:00:00+00:00,689.17
2025-12-12 05:00:00+00:00,681.76
2025-12-15 05:00:00+00:00,680.73
2025-12-16 05:00:00+00:00,678.87
2025-12-17 05:00:00+00:00,671.4
2025-12-18 05:00:00+00:00,676.47
2025-12-19 05:00:00+00:00,680.59
2025-12-22 05:00:00+00:00,684.83
2025-12-23 05:00:00+00:00,687.96
2025-12-24 05:00:00+00:00,690.38
2025-12-26 05:00:00+00:00,690.31
2025-12-29 05:00:00+00:00,687.85
2025-12-30 05:00:00+00:00,687.01
2025-12-31 05:00:00+00:00,681.92
2026-01-02 05:00:00+00:00,683.17
2026-01-05 05:00:00+00:00,687.72
2026-01-06 05:00:00+00:00,691.81
2026-01-07 05:00:00+00:00,689.58
2026-01-08 05:00:00+00:00,689.51
2026-01-09 05:00:00+00:00,694.07
2026-01-12 05:00:00+00:00,695.16
2026-01-13 05:00:00+00:00,693.77
2026-01-14 05:00:00+00:00,690.36
2026-01-15 05:00:00+00:00,692.24
2026-01-16 05:00:00+00:00,691.66
2026-01-20 05:00:00+00:00,677.58
2026-01-21 05:00:00+00:00,685.4
2026-01-22 05:00:00+00:00,688.98
2026-01-23 05:00:00+00:00,689.23
2026-01-26 05:00:00+00:00,692.73
2026-01-27 05:00:00+00:00,695.49
2026-01-28 05:00:00+00:00,695.42
2026-01-29 05:00:00+00:00,694.04
2026-01-30 05:00:00+00:00,691.97
2026-02-02 05:00:00+00:00,695.41
2026-02-03 05:00:00+00:00,689.53
2026-02-04 05:00:00+00:00,686.19
2026-02-05 05:00:00+00:00,677.62
2026-02-06 05:00:00+00:00,690.62
2026-02-09 05:00:00+00:00,693.95
2026-02-10 05:00:00+00:00,692.12
2026-02-11 05:00:00+00:00,691.96
2026-02-12 05:00:00+00:00,681.27
2026-02-13 05:00:00+00:00,681.75
2026-02-17 05:00:00+00:00,682.85
2026-02-18 05:00:00+00:00,686.29
2026-02-19 05:00:00+00:00,684.48
2026-02-20 05:00:00+00:00,689.43
2026-02-23 05:00:00+00:00,682.39
2026-02-24 05:00:00+00:00,687.35
2026-02-25 05:00:00+00:00,693.15
2026-02-26 05:00:00+00:00,689.3
2026-02-27 05:00:00+00:00,685.99
2026-03-02 05:00:00+00:00,686.38
2026-03-03 05:00:00+00:00,680.33
2026-03-04 05:00:00+00:00,685.13
2026-03-05 05:00:00+00:00,681.31
2026-03-06 05:00:00+00:00,672.38
2026-03-09 04:00:00+00:00,678.27
2026-03-10 04:00:00+00:00,677.18
2026-03-11 04:00:00+00:00,676.33
2026-03-12 04:00:00+00:00,666.06
2026-03-13 04:00:00+00:00,662.29
2026-03-16 04:00:00+00:00,669.03
2026-03-17 04:00:00+00:00,670.79
2026-03-18 04:00:00+00:00,661.43
2026-03-19 04:00:00+00:00,659.8
2026-03-20 04:00:00+00:00,648.57
2026-03-23 04:00:00+00:00,655.38
2026-03-24 04:00:00+00:00,653.18
2026-03-25 04:00:00+00:00,656.82
2026-03-26 04:00:00+00:00,645.09
2026-03-27 04:00:00+00:00,634.09
2026-03-30 04:00:00+00:00,631.97
2026-03-31 04:00:00+00:00,650.34
2026-04-01 04:00:00+00:00,655.24
2026-04-02 04:00:00+00:00,655.83
2026-04-06 04:00:00+00:00,658.93
2026-04-07 04:00:00+00:00,659.22
2026-04-08 04:00:00+00:00,676.01
2026-04-09 04:00:00+00:00,679.91
2026-04-10 04:00:00+00:00,679.46
2026-04-13 04:00:00+00:00,686.1
2026-04-14 04:00:00+00:00,694.46
2026-04-15 04:00:00+00:00,699.94
2026-04-16 04:00:00+00:00,701.66
2026-04-17 04:00:00+00:00,710.14
2026-04-20 04:00:00+00:00,708.72
2026-04-21 04:00:00+00:00,704.08
2026-04-22 04:00:00+00:00,711.21
2026-04-23 04:00:00+00:00,708.45
2026-04-24 04:00:00+00:00,713.94
2026-04-27 04:00:00+00:00,715.17
2026-04-28 04:00:00+00:00,711.69
2026-04-29 04:00:00+00:00,711.58
2026-04-30 04:00:00+00:00,718.66
2026-05-01 04:00:00+00:00,720.65
2026-05-04 04:00:00+00:00,718.01
2026-05-05 04:00:00+00:00,723.77
2026-05-06 04:00:00+00:00,733.83
2026-05-07 04:00:00+00:00,731.58
2026-05-08 04:00:00+00:00,737.62
2026-05-11 04:00:00+00:00,739.3
2026-05-12 04:00:00+00:00,738.18
2026-05-13 04:00:00+00:00,742.31
2026-05-14 04:00:00+00:00,748.17
2026-05-15 04:00:00+00:00,739.17
2026-05-18 04:00:00+00:00,738.65
2026-05-19 04:00:00+00:00,733.73
2026-05-20 04:00:00+00:00,741.25
2026-05-21 04:00:00+00:00,742.72
2026-05-22 04:00:00+00:00,745.64
2026-05-26 04:00:00+00:00,750.59
2026-05-27 04:00:00+00:00,750.46
2026-05-28 04:00:00+00:00,754.6
2026-05-29 04:00:00+00:00,756.48
2026-06-01 04:00:00+00:00,758.54
2026-06-02 04:00:00+00:00,759.57
2026-06-03 04:00:00+00:00,754.24
2026-06-04 04:00:00+00:00,757.09
2026-06-05 04:00:00+00:00,737.55
2026-06-08 04:00:00+00:00,739.22
2026-06-09 04:00:00+00:00,737.05
2026-06-10 04:00:00+00:00,725.43
2026-06-11 04:00:00+00:00,737.76
2026-06-12 04:00:00+00:00,741.75
2026-06-15 04:00:00+00:00,754.83
2026-06-16 04:00:00+00:00,750.33
2026-06-17 04:00:00+00:00,740.96
2026-06-18 04:00:00+00:00,746.74
2026-06-22 04:00:00+00:00,744.39
2026-06-23 04:00:00+00:00,733.58
2026-06-24 04:00:00+00:00,733.24
2026-06-25 04:00:00+00:00,734.3
2026-06-26 04:00:00+00:00,728.99
2026-06-29 04:00:00+00:00,741.0
2026-06-30 04:00:00+00:00,746.77
2026-07-01 04:00:00+00:00,745.76
2026-07-02 04:00:00+00:00,744.78
2026-07-06 04:00:00+00:00,751.28
2026-07-07 04:00:00+00:00,747.71
2026-07-08 04:00:00+00:00,745.4
2026-07-09 04:00:00+00:00,751.71
